,Unnamed: 0,GEO,North American Industry Classification System (NAICS),Statistics,UOM,REF_DATE,VALUE,STATUS,Quarter,Year,Difference by Quarter,Median by Quarter,Median Change by Quarter,MAD by Quarter,Lower Bound,Upper Bound,ZScore,Normality,Business characteristics,Overall_Thoughts_2025,Overall_Thoughts_2024,Difference,rank,Position Around Median 2025,Position Around Median 2024
0,258,Canada,"Mining, quarrying, and oil and gas extraction [21]",Job vacancies,Number,2016-01-01,1750.0,B,1,2016,0.0,5210.0,-97.5,812.5,3178.75,7241.25,-4.258461538461538,Normal,"Mining, quarrying, and oil and gas extraction [21]",67.83,66.72,1.1099999999999994,2.0,Above,Above
1,264,Canada,Construction [23],Job vacancies,Number,2016-01-01,24545.0,C,1,2016,0.0,40480.0,2232.5,10570.0,14055.0,66905.0,-1.5075685903500473,Normal,Construction [23],67.59,67.24,0.3500000000000085,1.0,Above,Above
2,267,Canada,Manufacturing [31-33],Job vacancies,Number,2016-01-01,29580.0,A,1,2016,0.0,44575.0,3135.0,8442.5,23468.75,65681.25,-1.7761326621261475,Normal,Manufacturing [31-33],64.87,69.61999999999999,-4.749999999999986,6.0,Above,Above
3,279,Canada,Information and cultural industries [51],Job vacancies,Number,2016-01-01,9320.0,B,1,2016,0.0,11975.0,-70.0,2165.0,6562.5,17387.5,-1.2263279445727482,Normal,Information and cultural industries [51],62.47999999999999,71.53999999999999,-9.060000000000002,8.0,Below,Above
4,282,Canada,Finance and insurance [52],Job vacancies,Number,2016-01-01,19095.0,A,1,2016,0.0,23010.0,282.5,2295.0,17272.5,28747.5,-1.7058823529411764,Normal,Finance and insurance [52],60.1,65.32,-5.219999999999992,7.0,Below,Below
5,285,Canada,Real estate and rental and leasing [53],Job vacancies,Number,2016-01-01,4475.0,B,1,2016,0.0,7930.0,-180.0,657.5,6286.25,9573.75,-5.254752851711027,Normal,Real estate and rental and leasing [53],44.05,64.25999999999999,-20.209999999999994,10.0,Below,Below
6,288,Canada,"Professional, scientific and technical services [54]",Job vacancies,Number,2016-01-01,23730.0,B,1,2016,0.0,41197.5,1530.0,7842.5,21591.25,60803.75,-2.2272872170863884,Normal,"Professional, scientific and technical services [54]",62.18,65.05,-2.8699999999999974,3.0,Below,Below
7,294,Canada,"Administrative and support, waste management and remediation services [56]",Job vacancies,Number,2016-01-01,27620.0,B,1,2016,0.0,39692.5,-42.5,3720.0,30392.5,48992.5,-3.245295698924731,Normal,"Administrative and support, waste management and remediation services [56]",69.37,60.26,9.110000000000008,9.0,Above,Below
8,300,Canada,Health care and social assistance [62],Job vacancies,Number,2016-01-01,37150.0,A,1,2016,0.0,86852.5,8937.5,38762.5,-10053.75,183758.75,-1.2822315382134797,Normal,Health care and social assistance [62],65.35,68.88,-3.530000000000001,4.0,Above,Above
9,303,Canada,"Arts, entertainment and recreation [71]",Job vacancies,Number,2016-01-01,9670.0,B,1,2016,0.0,11365.0,-515.0,2222.5,5808.75,16921.25,-0.7626546681664792,Normal,"Arts, entertainment and recreation [71]",61.89,66.41,-4.519999999999996,5.0,Below,Below
10,321,Canada,"Mining, quarrying, and oil and gas extraction [21]",Job vacancies,Number,2016-04-01,1795.0,B,2,2016,0.0,5645.0,335.0,1470.0,1970.0,9320.0,-2.619047619047619,Normal,"Mining, quarrying, and oil and gas extraction [21]",67.83,66.72,1.1099999999999994,2.0,Above,Above
11,327,Canada,Construction [23],Job vacancies,Number,2016-04-01,22390.0,C,2,2016,0.0,39160.0,260.0,11885.0,9447.5,68872.5,-1.4110222970130415,Normal,Construction [23],67.59,67.24,0.3500000000000085,1.0,Above,Above
12,330,Canada,Manufacturing [31-33],Job vacancies,Number,2016-04-01,28890.0,A,2,2016,0.0,46980.0,1760.0,10580.0,20530.0,73430.0,-1.7098298676748582,Normal,Manufacturing [31-33],64.87,69.61999999999999,-4.749999999999986,6.0,Above,Above
13,342,Canada,Information and cultural industries [51],Job vacancies,Number,2016-04-01,8360.0,B,2,2016,0.0,11165.0,0.0,1990.0,6190.0,16140.0,-1.4095477386934674,Normal,Information and cultural industries [51],62.47999999999999,71.53999999999999,-9.060000000000002,8.0,Below,Above
14,345,Canada,Finance and insurance [52],Job vacancies,Number,2016-04-01,19770.0,A,2,2016,0.0,21920.0,0.0,2205.0,16407.5,27432.5,-0.9750566893424036,Normal,Finance and insurance [52],60.1,65.32,-5.219999999999992,7.0,Below,Below
15,348,Canada,Real estate and rental and leasing [53],Job vacancies,Number,2016-04-01,5155.0,B,2,2016,0.0,7455.0,180.0,590.0,5980.0,8930.0,-3.8983050847457625,Normal,Real estate and rental and leasing [53],44.05,64.25999999999999,-20.209999999999994,10.0,Below,Below
16,351,Canada,"Professional, scientific and technical services [54]",Job vacancies,Number,2016-04-01,24295.0,B,2,2016,0.0,38340.0,3025.0,8180.0,17890.0,58790.0,-1.716992665036675,Normal,"Professional, scientific and technical services [54]",62.18,65.05,-2.8699999999999974,3.0,Below,Below
17,357,Canada,"Administrative and support, waste management and remediation services [56]",Job vacancies,Number,2016-04-01,29880.0,A,2,2016,0.0,40275.0,1965.0,7140.0,22425.0,58125.0,-1.4558823529411764,Normal,"Administrative and support, waste management and remediation services [56]",69.37,60.26,9.110000000000008,9.0,Above,Below
18,363,Canada,Health care and social assistance [62],Job vacancies,Number,2016-04-01,37960.0,A,2,2016,0.0,103575.0,5735.0,37005.0,11062.5,196087.5,-1.7731387650317525,Normal,Health care and social assistance [62],65.35,68.88,-3.530000000000001,4.0,Above,Above
19,366,Canada,"Arts, entertainment and recreation [71]",Job vacancies,Number,2016-04-01,8625.0,B,2,2016,0.0,12330.0,465.0,2845.0,5217.5,19442.5,-1.3022847100175747,Normal,"Arts, entertainment and recreation [71]",61.89,66.41,-4.519999999999996,5.0,Below,Below
20,384,Canada,"Mining, quarrying, and oil and gas extraction [21]",Job vacancies,Number,2016-07-01,2035.0,A,3,2016,0.0,5775.0,77.5,1752.5,1393.75,10156.25,-2.1340941512125533,Normal,"Mining, quarrying, and oil and gas extraction [21]",67.83,66.72,1.1099999999999994,2.0,Above,Above
21,390,Canada,Construction [23],Job vacancies,Number,2016-07-01,23770.0,C,3,2016,0.0,39200.0,2810.0,12620.0,7650.0,70750.0,-1.222662440570523,Normal,Construction [23],67.59,67.24,0.3500000000000085,1.0,Above,Above
22,393,Canada,Manufacturing [31-33],Job vacancies,Number,2016-07-01,30340.0,A,3,2016,0.0,48187.5,387.5,11970.0,18262.5,78112.5,-1.4910192147034251,Normal,Manufacturing [31-33],64.87,69.61999999999999,-4.749999999999986,6.0,Above,Above
23,405,Canada,Information and cultural industries [51],Job vacancies,Number,2016-07-01,9090.0,B,3,2016,0.0,11377.5,762.5,3160.0,3477.5,19277.5,-0.7238924050632911,Normal,Information and cultural industries [51],62.47999999999999,71.53999999999999,-9.060000000000002,8.0,Below,Above
24,408,Canada,Finance and insurance [52],Job vacancies,Number,2016-07-01,24365.0,A,3,2016,0.0,22842.5,-655.0,1255.0,19705.0,25980.0,1.2131474103585658,Normal,Finance and insurance [52],60.1,65.32,-5.219999999999992,7.0,Below,Below
25,411,Canada,Real estate and rental and leasing [53],Job vacancies,Number,2016-07-01,5455.0,B,3,2016,0.0,8362.5,110.0,617.5,6818.75,9906.25,-4.708502024291498,Normal,Real estate and rental and leasing [53],44.05,64.25999999999999,-20.209999999999994,10.0,Below,Below
26,414,Canada,"Professional, scientific and technical services [54]",Job vacancies,Number,2016-07-01,29430.0,B,3,2016,0.0,38092.5,660.0,6242.5,22486.25,53698.75,-1.3876651982378854,Normal,"Professional, scientific and technical services [54]",62.18,65.05,-2.8699999999999974,3.0,Below,Below
27,420,Canada,"Administrative and support, waste management and remediation services [56]",Job vacancies,Number,2016-07-01,32480.0,B,3,2016,0.0,39382.5,1710.0,5192.5,26401.25,52363.75,-1.3293211362542128,Normal,"Administrative and support, waste management and remediation services [56]",69.37,60.26,9.110000000000008,9.0,Above,Below
28,426,Canada,Health care and social assistance [62],Job vacancies,Number,2016-07-01,38635.0,A,3,2016,0.0,92145.0,5235.0,37690.0,-2080.0,186370.0,-1.419739984080658,Normal,Health care and social assistance [62],65.35,68.88,-3.530000000000001,4.0,Above,Above
29,429,Canada,"Arts, entertainment and recreation [71]",Job vacancies,Number,2016-07-01,8845.0,B,3,2016,0.0,12320.0,505.0,1975.0,7382.5,17257.5,-1.759493670886076,Normal,"Arts, entertainment and recreation [71]",61.89,66.41,-4.519999999999996,5.0,Below,Below
30,447,Canada,"Mining, quarrying, and oil and gas extraction [21]",Job vacancies,Number,2016-10-01,3320.0,B,4,2016,0.0,5295.0,0.0,1180.0,2345.0,8245.0,-1.673728813559322,Normal,"Mining, quarrying, and oil and gas extraction [21]",67.83,66.72,1.1099999999999994,2.0,Above,Above
31,453,Canada,Construction [23],Job vacancies,Number,2016-10-01,25950.0,C,4,2016,0.0,41910.0,760.0,9585.0,17947.5,65872.5,-1.6651017214397497,Normal,Construction [23],67.59,67.24,0.3500000000000085,1.0,Above,Above
32,456,Canada,Manufacturing [31-33],Job vacancies,Number,2016-10-01,31660.0,A,4,2016,0.0,44780.0,0.0,6755.0,27892.5,61667.5,-1.9422649888971133,Normal,Manufacturing [31-33],64.87,69.61999999999999,-4.749999999999986,6.0,Above,Above
33,468,Canada,Information and cultural industries [51],Job vacancies,Number,2016-10-01,9010.0,B,4,2016,0.0,11905.0,0.0,2895.0,4667.5,19142.5,-1.0,Normal,Information and cultural industries [51],62.47999999999999,71.53999999999999,-9.060000000000002,8.0,Below,Above
34,471,Canada,Finance and insurance [52],Job vacancies,Number,2016-10-01,18910.0,A,4,2016,0.0,22365.0,1550.0,3170.0,14440.0,30290.0,-1.0899053627760251,Normal,Finance and insurance [52],60.1,65.32,-5.219999999999992,7.0,Below,Below
35,474,Canada,Real estate and rental and leasing [53],Job vacancies,Number,2016-10-01,5405.0,B,4,2016,0.0,8220.0,-95.0,775.0,6282.5,10157.5,-3.632258064516129,Normal,Real estate and rental and leasing [53],44.05,64.25999999999999,-20.209999999999994,10.0,Below,Below
36,477,Canada,"Professional, scientific and technical services [54]",Job vacancies,Number,2016-10-01,24795.0,A,4,2016,0.0,37765.0,0.0,3875.0,28077.5,47452.5,-3.3470967741935485,Normal,"Professional, scientific and technical services [54]",62.18,65.05,-2.8699999999999974,3.0,Below,Below
37,483,Canada,"Administrative and support, waste management and remediation services [56]",Job vacancies,Number,2016-10-01,33260.0,A,4,2016,0.0,36270.0,0.0,7155.0,18382.5,54157.5,-0.4206848357791754,Normal,"Administrative and support, waste management and remediation services [56]",69.37,60.26,9.110000000000008,9.0,Above,Below
38,489,Canada,Health care and social assistance [62],Job vacancies,Number,2016-10-01,40190.0,A,4,2016,0.0,105640.0,9585.0,37205.0,12627.5,198652.5,-1.759172154280339,Normal,Health care and social assistance [62],65.35,68.88,-3.530000000000001,4.0,Above,Above
39,492,Canada,"Arts, entertainment and recreation [71]",Job vacancies,Number,2016-10-01,8345.0,A,4,2016,0.0,12305.0,-540.0,3960.0,2405.0,22205.0,-1.0,Normal,"Arts, entertainment and recreation [71]",61.89,66.41,-4.519999999999996,5.0,Below,Below
40,510,Canada,"Mining, quarrying, and oil and gas extraction [21]",Job vacancies,Number,2017-01-01,3810.0,B,1,2017,2060.0,5210.0,-97.5,812.5,3178.75,7241.25,-1.7230769230769232,Normal,"Mining, quarrying, and oil and gas extraction [21]",67.83,66.72,1.1099999999999994,2.0,Above,Above
41,516,Canada,Construction [23],Job vacancies,Number,2017-01-01,29940.0,C,1,2017,5395.0,40480.0,2232.5,10570.0,14055.0,66905.0,-0.9971617786187322,Normal,Construction [23],67.59,67.24,0.3500000000000085,1.0,Above,Above
42,519,Canada,Manufacturing [31-33],Job vacancies,Number,2017-01-01,36295.0,A,1,2017,6715.0,44575.0,3135.0,8442.5,23468.75,65681.25,-0.9807521468759254,Normal,Manufacturing [31-33],64.87,69.61999999999999,-4.749999999999986,6.0,Above,Above
43,531,Canada,Information and cultural industries [51],Job vacancies,Number,2017-01-01,9180.0,B,1,2017,-140.0,11975.0,-70.0,2165.0,6562.5,17387.5,-1.2909930715935334,Normal,Information and cultural industries [51],62.47999999999999,71.53999999999999,-9.060000000000002,8.0,Below,Above
44,534,Canada,Finance and insurance [52],Job vacancies,Number,2017-01-01,19660.0,A,1,2017,565.0,23010.0,282.5,2295.0,17272.5,28747.5,-1.459694989106754,Normal,Finance and insurance [52],60.1,65.32,-5.219999999999992,7.0,Below,Below
45,537,Canada,Real estate and rental and leasing [53],Job vacancies,Number,2017-01-01,5975.0,B,1,2017,1500.0,7930.0,-180.0,657.5,6286.25,9573.75,-2.973384030418251,Normal,Real estate and rental and leasing [53],44.05,64.25999999999999,-20.209999999999994,10.0,Below,Below
46,540,Canada,"Professional, scientific and technical services [54]",Job vacancies,Number,2017-01-01,25835.0,A,1,2017,2105.0,41197.5,1530.0,7842.5,21591.25,60803.75,-1.9588779088300925,Normal,"Professional, scientific and technical services [54]",62.18,65.05,-2.8699999999999974,3.0,Below,Below
47,546,Canada,"Administrative and support, waste management and remediation services [56]",Job vacancies,Number,2017-01-01,35175.0,B,1,2017,7555.0,39692.5,-42.5,3720.0,30392.5,48992.5,-1.2143817204301075,Normal,"Administrative and support, waste management and remediation services [56]",69.37,60.26,9.110000000000008,9.0,Above,Below
48,552,Canada,Health care and social assistance [62],Job vacancies,Number,2017-01-01,42285.0,A,1,2017,5135.0,86852.5,8937.5,38762.5,-10053.75,183758.75,-1.149758142534666,Normal,Health care and social assistance [62],65.35,68.88,-3.530000000000001,4.0,Above,Above
49,555,Canada,"Arts, entertainment and recreation [71]",Job vacancies,Number,2017-01-01,9800.0,B,1,2017,130.0,11365.0,-515.0,2222.5,5808.75,16921.25,-0.7041619797525309,Normal,"Arts, entertainment and recreation [71]",61.89,66.41,-4.519999999999996,5.0,Below,Below
50,573,Canada,"Mining, quarrying, and oil and gas extraction [21]",Job vacancies,Number,2017-04-01,4150.0,B,2,2017,2355.0,5645.0,335.0,1470.0,1970.0,9320.0,-1.0170068027210883,Normal,"Mining, quarrying, and oil and gas extraction [21]",67.83,66.72,1.1099999999999994,2.0,Above,Above
51,579,Canada,Construction [23],Job vacancies,Number,2017-04-01,27275.0,A,2,2017,4885.0,39160.0,260.0,11885.0,9447.5,68872.5,-1.0,Normal,Construction [23],67.59,67.24,0.3500000000000085,1.0,Above,Above
52,582,Canada,Manufacturing [31-33],Job vacancies,Number,2017-04-01,36400.0,A,2,2017,7510.0,46980.0,1760.0,10580.0,20530.0,73430.0,-1.0,Normal,Manufacturing [31-33],64.87,69.61999999999999,-4.749999999999986,6.0,Above,Above
53,594,Canada,Information and cultural industries [51],Job vacancies,Number,2017-04-01,10815.0,B,2,2017,2455.0,11165.0,0.0,1990.0,6190.0,16140.0,-0.1758793969849246,Normal,Information and cultural industries [51],62.47999999999999,71.53999999999999,-9.060000000000002,8.0,Below,Above
54,597,Canada,Finance and insurance [52],Job vacancies,Number,2017-04-01,22675.0,A,2,2017,2905.0,21920.0,0.0,2205.0,16407.5,27432.5,0.3424036281179138,Normal,Finance and insurance [52],60.1,65.32,-5.219999999999992,7.0,Below,Below
55,600,Canada,Real estate and rental and leasing [53],Job vacancies,Number,2017-04-01,6700.0,B,2,2017,1545.0,7455.0,180.0,590.0,5980.0,8930.0,-1.2796610169491525,Normal,Real estate and rental and leasing [53],44.05,64.25999999999999,-20.209999999999994,10.0,Below,Below
56,603,Canada,"Professional, scientific and technical services [54]",Job vacancies,Number,2017-04-01,27320.0,A,2,2017,3025.0,38340.0,3025.0,8180.0,17890.0,58790.0,-1.3471882640586796,Normal,"Professional, scientific and technical services [54]",62.18,65.05,-2.8699999999999974,3.0,Below,Below
57,609,Canada,"Administrative and support, waste management and remediation services [56]",Job vacancies,Number,2017-04-01,33135.0,A,2,2017,3255.0,40275.0,1965.0,7140.0,22425.0,58125.0,-1.0,Normal,"Administrative and support, waste management and remediation services [56]",69.37,60.26,9.110000000000008,9.0,Above,Below
58,615,Canada,Health care and social assistance [62],Job vacancies,Number,2017-04-01,43605.0,A,2,2017,5645.0,103575.0,5735.0,37005.0,11062.5,196087.5,-1.6205918119173084,Normal,Health care and social assistance [62],65.35,68.88,-3.530000000000001,4.0,Above,Above
59,618,Canada,"Arts, entertainment and recreation [71]",Job vacancies,Number,2017-04-01,11865.0,B,2,2017,3240.0,12330.0,465.0,2845.0,5217.5,19442.5,-0.1634446397188049,Normal,"Arts, entertainment and recreation [71]",61.89,66.41,-4.519999999999996,5.0,Below,Below
60,636,Canada,"Mining, quarrying, and oil and gas extraction [21]",Job vacancies,Number,2017-07-01,5020.0,B,3,2017,2985.0,5775.0,77.5,1752.5,1393.75,10156.25,-0.4308131241084165,Normal,"Mining, quarrying, and oil and gas extraction [21]",67.83,66.72,1.1099999999999994,2.0,Above,Above
61,642,Canada,Construction [23],Job vacancies,Number,2017-07-01,29390.0,A,3,2017,5620.0,39200.0,2810.0,12620.0,7650.0,70750.0,-0.777337559429477,Normal,Construction [23],67.59,67.24,0.3500000000000085,1.0,Above,Above
62,645,Canada,Manufacturing [31-33],Job vacancies,Number,2017-07-01,39195.0,A,3,2017,8855.0,48187.5,387.5,11970.0,18262.5,78112.5,-0.7512531328320802,Normal,Manufacturing [31-33],64.87,69.61999999999999,-4.749999999999986,6.0,Above,Above
63,657,Canada,Information and cultural industries [51],Job vacancies,Number,2017-07-01,10615.0,A,3,2017,1525.0,11377.5,762.5,3160.0,3477.5,19277.5,-0.2412974683544304,Normal,Information and cultural industries [51],62.47999999999999,71.53999999999999,-9.060000000000002,8.0,Below,Above
64,660,Canada,Finance and insurance [52],Job vacancies,Number,2017-07-01,22340.0,A,3,2017,-2025.0,22842.5,-655.0,1255.0,19705.0,25980.0,-0.4003984063745019,Normal,Finance and insurance [52],60.1,65.32,-5.219999999999992,7.0,Below,Below
65,663,Canada,Real estate and rental and leasing [53],Job vacancies,Number,2017-07-01,6795.0,B,3,2017,1340.0,8362.5,110.0,617.5,6818.75,9906.25,-2.5384615384615383,Normal,Real estate and rental and leasing [53],44.05,64.25999999999999,-20.209999999999994,10.0,Below,Below
66,666,Canada,"Professional, scientific and technical services [54]",Job vacancies,Number,2017-07-01,28115.0,A,3,2017,-1315.0,38092.5,660.0,6242.5,22486.25,53698.75,-1.5983179815778934,Normal,"Professional, scientific and technical services [54]",62.18,65.05,-2.8699999999999974,3.0,Below,Below
67,672,Canada,"Administrative and support, waste management and remediation services [56]",Job vacancies,Number,2017-07-01,35900.0,A,3,2017,3420.0,39382.5,1710.0,5192.5,26401.25,52363.75,-0.6706788637457872,Normal,"Administrative and support, waste management and remediation services [56]",69.37,60.26,9.110000000000008,9.0,Above,Below
68,678,Canada,Health care and social assistance [62],Job vacancies,Number,2017-07-01,46425.0,A,3,2017,7790.0,92145.0,5235.0,37690.0,-2080.0,186370.0,-1.213053860440435,Normal,Health care and social assistance [62],65.35,68.88,-3.530000000000001,4.0,Above,Above
69,681,Canada,"Arts, entertainment and recreation [71]",Job vacancies,Number,2017-07-01,11430.0,B,3,2017,2585.0,12320.0,505.0,1975.0,7382.5,17257.5,-0.4506329113924051,Normal,"Arts, entertainment and recreation [71]",61.89,66.41,-4.519999999999996,5.0,Below,Below
70,699,Canada,"Mining, quarrying, and oil and gas extraction [21]",Job vacancies,Number,2017-10-01,5980.0,B,4,2017,2660.0,5295.0,0.0,1180.0,2345.0,8245.0,0.5805084745762712,Normal,"Mining, quarrying, and oil and gas extraction [21]",67.83,66.72,1.1099999999999994,2.0,Above,Above
71,705,Canada,Construction [23],Job vacancies,Number,2017-10-01,32325.0,A,4,2017,6375.0,41910.0,760.0,9585.0,17947.5,65872.5,-1.0,Normal,Construction [23],67.59,67.24,0.3500000000000085,1.0,Above,Above
72,708,Canada,Manufacturing [31-33],Job vacancies,Number,2017-10-01,43025.0,A,4,2017,11365.0,44780.0,0.0,6755.0,27892.5,61667.5,-0.2598075499629904,Normal,Manufacturing [31-33],64.87,69.61999999999999,-4.749999999999986,6.0,Above,Above
73,720,Canada,Information and cultural industries [51],Job vacancies,Number,2017-10-01,11905.0,A,4,2017,2895.0,11905.0,0.0,2895.0,4667.5,19142.5,0.0,Normal,Information and cultural industries [51],62.47999999999999,71.53999999999999,-9.060000000000002,8.0,Below,Above
74,723,Canada,Finance and insurance [52],Job vacancies,Number,2017-10-01,23975.0,A,4,2017,5065.0,22365.0,1550.0,3170.0,14440.0,30290.0,0.5078864353312302,Normal,Finance and insurance [52],60.1,65.32,-5.219999999999992,7.0,Below,Below
75,726,Canada,Real estate and rental and leasing [53],Job vacancies,Number,2017-10-01,7805.0,B,4,2017,2400.0,8220.0,-95.0,775.0,6282.5,10157.5,-0.535483870967742,Normal,Real estate and rental and leasing [53],44.05,64.25999999999999,-20.209999999999994,10.0,Below,Below
76,729,Canada,"Professional, scientific and technical services [54]",Job vacancies,Number,2017-10-01,30995.0,A,4,2017,6200.0,37765.0,0.0,3875.0,28077.5,47452.5,-1.7470967741935484,Normal,"Professional, scientific and technical services [54]",62.18,65.05,-2.8699999999999974,3.0,Below,Below
77,735,Canada,"Administrative and support, waste management and remediation services [56]",Job vacancies,Number,2017-10-01,34310.0,A,4,2017,1050.0,36270.0,0.0,7155.0,18382.5,54157.5,-0.2739343116701607,Normal,"Administrative and support, waste management and remediation services [56]",69.37,60.26,9.110000000000008,9.0,Above,Below
78,741,Canada,Health care and social assistance [62],Job vacancies,Number,2017-10-01,49775.0,A,4,2017,9585.0,105640.0,9585.0,37205.0,12627.5,198652.5,-1.5015454911974198,Normal,Health care and social assistance [62],65.35,68.88,-3.530000000000001,4.0,Above,Above
79,744,Canada,"Arts, entertainment and recreation [71]",Job vacancies,Number,2017-10-01,11900.0,A,4,2017,3555.0,12305.0,-540.0,3960.0,2405.0,22205.0,-0.1022727272727272,Normal,"Arts, entertainment and recreation [71]",61.89,66.41,-4.519999999999996,5.0,Below,Below
80,762,Canada,"Mining, quarrying, and oil and gas extraction [21]",Job vacancies,Number,2018-01-01,6120.0,B,1,2018,2310.0,5210.0,-97.5,812.5,3178.75,7241.25,1.12,Normal,"Mining, quarrying, and oil and gas extraction [21]",67.83,66.72,1.1099999999999994,2.0,Above,Above
81,768,Canada,Construction [23],Job vacancies,Number,2018-01-01,34810.0,A,1,2018,4870.0,40480.0,2232.5,10570.0,14055.0,66905.0,-0.5364238410596026,Normal,Construction [23],67.59,67.24,0.3500000000000085,1.0,Above,Above
82,771,Canada,Manufacturing [31-33],Job vacancies,Number,2018-01-01,44210.0,A,1,2018,7915.0,44575.0,3135.0,8442.5,23468.75,65681.25,-0.0432336393248445,Normal,Manufacturing [31-33],64.87,69.61999999999999,-4.749999999999986,6.0,Above,Above
83,783,Canada,Information and cultural industries [51],Job vacancies,Number,2018-01-01,12330.0,A,1,2018,3150.0,11975.0,-70.0,2165.0,6562.5,17387.5,0.1639722863741339,Normal,Information and cultural industries [51],62.47999999999999,71.53999999999999,-9.060000000000002,8.0,Below,Above
84,786,Canada,Finance and insurance [52],Job vacancies,Number,2018-01-01,23810.0,A,1,2018,4150.0,23010.0,282.5,2295.0,17272.5,28747.5,0.3485838779956427,Normal,Finance and insurance [52],60.1,65.32,-5.219999999999992,7.0,Below,Below
85,789,Canada,Real estate and rental and leasing [53],Job vacancies,Number,2018-01-01,8220.0,B,1,2018,2245.0,7930.0,-180.0,657.5,6286.25,9573.75,0.4410646387832699,Normal,Real estate and rental and leasing [53],44.05,64.25999999999999,-20.209999999999994,10.0,Below,Below
86,792,Canada,"Professional, scientific and technical services [54]",Job vacancies,Number,2018-01-01,31280.0,A,1,2018,5445.0,41197.5,1530.0,7842.5,21591.25,60803.75,-1.2645839974497928,Normal,"Professional, scientific and technical services [54]",62.18,65.05,-2.8699999999999974,3.0,Below,Below
87,798,Canada,"Administrative and support, waste management and remediation services [56]",Job vacancies,Number,2018-01-01,40275.0,A,1,2018,5100.0,39692.5,-42.5,3720.0,30392.5,48992.5,0.1565860215053763,Normal,"Administrative and support, waste management and remediation services [56]",69.37,60.26,9.110000000000008,9.0,Above,Below
88,804,Canada,Health care and social assistance [62],Job vacancies,Number,2018-01-01,53895.0,A,1,2018,11610.0,86852.5,8937.5,38762.5,-10053.75,183758.75,-0.8502418574653338,Normal,Health care and social assistance [62],65.35,68.88,-3.530000000000001,4.0,Above,Above
89,807,Canada,"Arts, entertainment and recreation [71]",Job vacancies,Number,2018-01-01,12490.0,C,1,2018,2690.0,11365.0,-515.0,2222.5,5808.75,16921.25,0.5061867266591676,Normal,"Arts, entertainment and recreation [71]",61.89,66.41,-4.519999999999996,5.0,Below,Below
90,825,Canada,"Mining, quarrying, and oil and gas extraction [21]",Job vacancies,Number,2018-04-01,5310.0,B,2,2018,1160.0,5645.0,335.0,1470.0,1970.0,9320.0,-0.227891156462585,Normal,"Mining, quarrying, and oil and gas extraction [21]",67.83,66.72,1.1099999999999994,2.0,Above,Above
91,831,Canada,Construction [23],Job vacancies,Number,2018-04-01,38500.0,A,2,2018,11225.0,39160.0,260.0,11885.0,9447.5,68872.5,-0.0555321834244846,Normal,Construction [23],67.59,67.24,0.3500000000000085,1.0,Above,Above
92,834,Canada,Manufacturing [31-33],Job vacancies,Number,2018-04-01,46980.0,A,2,2018,10580.0,46980.0,1760.0,10580.0,20530.0,73430.0,0.0,Normal,Manufacturing [31-33],64.87,69.61999999999999,-4.749999999999986,6.0,Above,Above
93,846,Canada,Information and cultural industries [51],Job vacancies,Number,2018-04-01,11280.0,B,2,2018,465.0,11165.0,0.0,1990.0,6190.0,16140.0,0.057788944723618,Normal,Information and cultural industries [51],62.47999999999999,71.53999999999999,-9.060000000000002,8.0,Below,Above
94,849,Canada,Finance and insurance [52],Job vacancies,Number,2018-04-01,21920.0,A,2,2018,-755.0,21920.0,0.0,2205.0,16407.5,27432.5,0.0,Normal,Finance and insurance [52],60.1,65.32,-5.219999999999992,7.0,Below,Below
95,852,Canada,Real estate and rental and leasing [53],Job vacancies,Number,2018-04-01,7825.0,B,2,2018,1125.0,7455.0,180.0,590.0,5980.0,8930.0,0.6271186440677966,Normal,Real estate and rental and leasing [53],44.05,64.25999999999999,-20.209999999999994,10.0,Below,Below
96,855,Canada,"Professional, scientific and technical services [54]",Job vacancies,Number,2018-04-01,33405.0,A,2,2018,6085.0,38340.0,3025.0,8180.0,17890.0,58790.0,-0.6033007334963325,Normal,"Professional, scientific and technical services [54]",62.18,65.05,-2.8699999999999974,3.0,Below,Below
97,861,Canada,"Administrative and support, waste management and remediation services [56]",Job vacancies,Number,2018-04-01,40275.0,A,2,2018,7140.0,40275.0,1965.0,7140.0,22425.0,58125.0,0.0,Normal,"Administrative and support, waste management and remediation services [56]",69.37,60.26,9.110000000000008,9.0,Above,Below
98,867,Canada,Health care and social assistance [62],Job vacancies,Number,2018-04-01,60835.0,A,2,2018,17230.0,103575.0,5735.0,37005.0,11062.5,196087.5,-1.1549790568842049,Normal,Health care and social assistance [62],65.35,68.88,-3.530000000000001,4.0,Above,Above
99,870,Canada,"Arts, entertainment and recreation [71]",Job vacancies,Number,2018-04-01,12330.0,B,2,2018,465.0,12330.0,465.0,2845.0,5217.5,19442.5,0.0,Normal,"Arts, entertainment and recreation [71]",61.89,66.41,-4.519999999999996,5.0,Below,Below
100,888,Canada,"Mining, quarrying, and oil and gas extraction [21]",Job vacancies,Number,2018-07-01,5825.0,B,3,2018,805.0,5775.0,77.5,1752.5,1393.75,10156.25,0.028530670470756,Normal,"Mining, quarrying, and oil and gas extraction [21]",67.83,66.72,1.1099999999999994,2.0,Above,Above
101,894,Canada,Construction [23],Job vacancies,Number,2018-07-01,37195.0,B,3,2018,7805.0,39200.0,2810.0,12620.0,7650.0,70750.0,-0.1588748019017432,Normal,Construction [23],67.59,67.24,0.3500000000000085,1.0,Above,Above
102,897,Canada,Manufacturing [31-33],Job vacancies,Number,2018-07-01,50000.0,A,3,2018,10805.0,48187.5,387.5,11970.0,18262.5,78112.5,0.1514202172096909,Normal,Manufacturing [31-33],64.87,69.61999999999999,-4.749999999999986,6.0,Above,Above
103,909,Canada,Information and cultural industries [51],Job vacancies,Number,2018-07-01,12140.0,B,3,2018,1525.0,11377.5,762.5,3160.0,3477.5,19277.5,0.2412974683544304,Normal,Information and cultural industries [51],62.47999999999999,71.53999999999999,-9.060000000000002,8.0,Below,Above
104,912,Canada,Finance and insurance [52],Job vacancies,Number,2018-07-01,23345.0,A,3,2018,1005.0,22842.5,-655.0,1255.0,19705.0,25980.0,0.4003984063745019,Normal,Finance and insurance [52],60.1,65.32,-5.219999999999992,7.0,Below,Below
105,915,Canada,Real estate and rental and leasing [53],Job vacancies,Number,2018-07-01,8340.0,B,3,2018,1545.0,8362.5,110.0,617.5,6818.75,9906.25,-0.0364372469635627,Normal,Real estate and rental and leasing [53],44.05,64.25999999999999,-20.209999999999994,10.0,Below,Below
106,918,Canada,"Professional, scientific and technical services [54]",Job vacancies,Number,2018-07-01,35620.0,A,3,2018,7505.0,38092.5,660.0,6242.5,22486.25,53698.75,-0.3960752903484181,Normal,"Professional, scientific and technical services [54]",62.18,65.05,-2.8699999999999974,3.0,Below,Below
107,924,Canada,"Administrative and support, waste management and remediation services [56]",Job vacancies,Number,2018-07-01,39850.0,A,3,2018,3950.0,39382.5,1710.0,5192.5,26401.25,52363.75,0.0900337024554646,Normal,"Administrative and support, waste management and remediation services [56]",69.37,60.26,9.110000000000008,9.0,Above,Below
108,930,Canada,Health care and social assistance [62],Job vacancies,Number,2018-07-01,64235.0,A,3,2018,17810.0,92145.0,5235.0,37690.0,-2080.0,186370.0,-0.7405147253913504,Normal,Health care and social assistance [62],65.35,68.88,-3.530000000000001,4.0,Above,Above
109,933,Canada,"Arts, entertainment and recreation [71]",Job vacancies,Number,2018-07-01,12200.0,B,3,2018,770.0,12320.0,505.0,1975.0,7382.5,17257.5,-0.060759493670886,Normal,"Arts, entertainment and recreation [71]",61.89,66.41,-4.519999999999996,5.0,Below,Below
110,951,Canada,"Mining, quarrying, and oil and gas extraction [21]",Job vacancies,Number,2018-10-01,5275.0,B,4,2018,-705.0,5295.0,0.0,1180.0,2345.0,8245.0,-0.0169491525423728,Normal,"Mining, quarrying, and oil and gas extraction [21]",67.83,66.72,1.1099999999999994,2.0,Above,Above
111,957,Canada,Construction [23],Job vacancies,Number,2018-10-01,41275.0,A,4,2018,8950.0,41910.0,760.0,9585.0,17947.5,65872.5,-0.0662493479394887,Normal,Construction [23],67.59,67.24,0.3500000000000085,1.0,Above,Above
112,960,Canada,Manufacturing [31-33],Job vacancies,Number,2018-10-01,51535.0,A,4,2018,8510.0,44780.0,0.0,6755.0,27892.5,61667.5,1.0,Normal,Manufacturing [31-33],64.87,69.61999999999999,-4.749999999999986,6.0,Above,Above
113,972,Canada,Information and cultural industries [51],Job vacancies,Number,2018-10-01,15050.0,A,4,2018,3145.0,11905.0,0.0,2895.0,4667.5,19142.5,1.0863557858376511,Normal,Information and cultural industries [51],62.47999999999999,71.53999999999999,-9.060000000000002,8.0,Below,Above
114,975,Canada,Finance and insurance [52],Job vacancies,Number,2018-10-01,26670.0,A,4,2018,2695.0,22365.0,1550.0,3170.0,14440.0,30290.0,1.3580441640378549,Normal,Finance and insurance [52],60.1,65.32,-5.219999999999992,7.0,Below,Below
115,978,Canada,Real estate and rental and leasing [53],Job vacancies,Number,2018-10-01,8465.0,B,4,2018,660.0,8220.0,-95.0,775.0,6282.5,10157.5,0.3161290322580645,Normal,Real estate and rental and leasing [53],44.05,64.25999999999999,-20.209999999999994,10.0,Below,Below
116,981,Canada,"Professional, scientific and technical services [54]",Job vacancies,Number,2018-10-01,37620.0,A,4,2018,6625.0,37765.0,0.0,3875.0,28077.5,47452.5,-0.0374193548387096,Normal,"Professional, scientific and technical services [54]",62.18,65.05,-2.8699999999999974,3.0,Below,Below
117,987,Canada,"Administrative and support, waste management and remediation services [56]",Job vacancies,Number,2018-10-01,45570.0,A,4,2018,11260.0,36270.0,0.0,7155.0,18382.5,54157.5,1.29979035639413,Normal,"Administrative and support, waste management and remediation services [56]",69.37,60.26,9.110000000000008,9.0,Above,Below
118,993,Canada,Health care and social assistance [62],Job vacancies,Number,2018-10-01,63050.0,A,4,2018,13275.0,105640.0,9585.0,37205.0,12627.5,198652.5,-1.1447386104018278,Normal,Health care and social assistance [62],65.35,68.88,-3.530000000000001,4.0,Above,Above
119,996,Canada,"Arts, entertainment and recreation [71]",Job vacancies,Number,2018-10-01,12845.0,A,4,2018,945.0,12305.0,-540.0,3960.0,2405.0,22205.0,0.1363636363636363,Normal,"Arts, entertainment and recreation [71]",61.89,66.41,-4.519999999999996,5.0,Below,Below
120,1014,Canada,"Mining, quarrying, and oil and gas extraction [21]",Job vacancies,Number,2019-01-01,4945.0,B,1,2019,-1175.0,5210.0,-97.5,812.5,3178.75,7241.25,-0.3261538461538461,Normal,"Mining, quarrying, and oil and gas extraction [21]",67.83,66.72,1.1099999999999994,2.0,Above,Above
121,1020,Canada,Construction [23],Job vacancies,Number,2019-01-01,37385.0,A,1,2019,2575.0,40480.0,2232.5,10570.0,14055.0,66905.0,-0.292809839167455,Normal,Construction [23],67.59,67.24,0.3500000000000085,1.0,Above,Above
122,1023,Canada,Manufacturing [31-33],Job vacancies,Number,2019-01-01,50480.0,A,1,2019,6270.0,44575.0,3135.0,8442.5,23468.75,65681.25,0.6994373704471424,Normal,Manufacturing [31-33],64.87,69.61999999999999,-4.749999999999986,6.0,Above,Above
123,1035,Canada,Information and cultural industries [51],Job vacancies,Number,2019-01-01,13610.0,A,1,2019,1280.0,11975.0,-70.0,2165.0,6562.5,17387.5,0.7551963048498845,Normal,Information and cultural industries [51],62.47999999999999,71.53999999999999,-9.060000000000002,8.0,Below,Above
124,1038,Canada,Finance and insurance [52],Job vacancies,Number,2019-01-01,22340.0,A,1,2019,-1470.0,23010.0,282.5,2295.0,17272.5,28747.5,-0.2919389978213507,Normal,Finance and insurance [52],60.1,65.32,-5.219999999999992,7.0,Below,Below
125,1041,Canada,Real estate and rental and leasing [53],Job vacancies,Number,2019-01-01,7860.0,B,1,2019,-360.0,7930.0,-180.0,657.5,6286.25,9573.75,-0.1064638783269961,Normal,Real estate and rental and leasing [53],44.05,64.25999999999999,-20.209999999999994,10.0,Below,Below
126,1044,Canada,"Professional, scientific and technical services [54]",Job vacancies,Number,2019-01-01,40720.0,A,1,2019,9440.0,41197.5,1530.0,7842.5,21591.25,60803.75,-0.0608861970035065,Normal,"Professional, scientific and technical services [54]",62.18,65.05,-2.8699999999999974,3.0,Below,Below
127,1050,Canada,"Administrative and support, waste management and remediation services [56]",Job vacancies,Number,2019-01-01,42105.0,A,1,2019,1830.0,39692.5,-42.5,3720.0,30392.5,48992.5,0.6485215053763441,Normal,"Administrative and support, waste management and remediation services [56]",69.37,60.26,9.110000000000008,9.0,Above,Below
128,1056,Canada,Health care and social assistance [62],Job vacancies,Number,2019-01-01,64180.0,A,1,2019,10285.0,86852.5,8937.5,38762.5,-10053.75,183758.75,-0.5849080941631731,Normal,Health care and social assistance [62],65.35,68.88,-3.530000000000001,4.0,Above,Above
129,1059,Canada,"Arts, entertainment and recreation [71]",Job vacancies,Number,2019-01-01,14920.0,B,1,2019,2430.0,11365.0,-515.0,2222.5,5808.75,16921.25,1.5995500562429696,Normal,"Arts, entertainment and recreation [71]",61.89,66.41,-4.519999999999996,5.0,Below,Below
130,1077,Canada,"Mining, quarrying, and oil and gas extraction [21]",Job vacancies,Number,2019-04-01,5645.0,B,2,2019,335.0,5645.0,335.0,1470.0,1970.0,9320.0,0.0,Normal,"Mining, quarrying, and oil and gas extraction [21]",67.83,66.72,1.1099999999999994,2.0,Above,Above
131,1083,Canada,Construction [23],Job vacancies,Number,2019-04-01,38760.0,A,2,2019,260.0,39160.0,260.0,11885.0,9447.5,68872.5,-0.0336558687421119,Normal,Construction [23],67.59,67.24,0.3500000000000085,1.0,Above,Above
132,1086,Canada,Manufacturing [31-33],Job vacancies,Number,2019-04-01,48740.0,A,2,2019,1760.0,46980.0,1760.0,10580.0,20530.0,73430.0,0.166351606805293,Normal,Manufacturing [31-33],64.87,69.61999999999999,-4.749999999999986,6.0,Above,Above
133,1098,Canada,Information and cultural industries [51],Job vacancies,Number,2019-04-01,13155.0,B,2,2019,1875.0,11165.0,0.0,1990.0,6190.0,16140.0,1.0,Normal,Information and cultural industries [51],62.47999999999999,71.53999999999999,-9.060000000000002,8.0,Below,Above
134,1101,Canada,Finance and insurance [52],Job vacancies,Number,2019-04-01,21535.0,A,2,2019,-385.0,21920.0,0.0,2205.0,16407.5,27432.5,-0.1746031746031746,Normal,Finance and insurance [52],60.1,65.32,-5.219999999999992,7.0,Below,Below
135,1104,Canada,Real estate and rental and leasing [53],Job vacancies,Number,2019-04-01,7455.0,B,2,2019,-370.0,7455.0,180.0,590.0,5980.0,8930.0,0.0,Normal,Real estate and rental and leasing [53],44.05,64.25999999999999,-20.209999999999994,10.0,Below,Below
136,1107,Canada,"Professional, scientific and technical services [54]",Job vacancies,Number,2019-04-01,39140.0,A,2,2019,5735.0,38340.0,3025.0,8180.0,17890.0,58790.0,0.097799511002445,Normal,"Professional, scientific and technical services [54]",62.18,65.05,-2.8699999999999974,3.0,Below,Below
137,1113,Canada,"Administrative and support, waste management and remediation services [56]",Job vacancies,Number,2019-04-01,42240.0,A,2,2019,1965.0,40275.0,1965.0,7140.0,22425.0,58125.0,0.2752100840336134,Normal,"Administrative and support, waste management and remediation services [56]",69.37,60.26,9.110000000000008,9.0,Above,Below
138,1119,Canada,Health care and social assistance [62],Job vacancies,Number,2019-04-01,66570.0,A,2,2019,5735.0,103575.0,5735.0,37005.0,11062.5,196087.5,-1.0,Normal,Health care and social assistance [62],65.35,68.88,-3.530000000000001,4.0,Above,Above
139,1122,Canada,"Arts, entertainment and recreation [71]",Job vacancies,Number,2019-04-01,13415.0,A,2,2019,1085.0,12330.0,465.0,2845.0,5217.5,19442.5,0.3813708260105448,Normal,"Arts, entertainment and recreation [71]",61.89,66.41,-4.519999999999996,5.0,Below,Below
140,1140,Canada,"Mining, quarrying, and oil and gas extraction [21]",Job vacancies,Number,2019-07-01,4205.0,A,3,2019,-1620.0,5775.0,77.5,1752.5,1393.75,10156.25,-0.8958630527817404,Normal,"Mining, quarrying, and oil and gas extraction [21]",67.83,66.72,1.1099999999999994,2.0,Above,Above
141,1146,Canada,Construction [23],Job vacancies,Number,2019-07-01,36620.0,A,3,2019,-575.0,39200.0,2810.0,12620.0,7650.0,70750.0,-0.2044374009508716,Normal,Construction [23],67.59,67.24,0.3500000000000085,1.0,Above,Above
142,1149,Canada,Manufacturing [31-33],Job vacancies,Number,2019-07-01,46935.0,A,3,2019,-3065.0,48187.5,387.5,11970.0,18262.5,78112.5,-0.1046365914786967,Normal,Manufacturing [31-33],64.87,69.61999999999999,-4.749999999999986,6.0,Above,Above
143,1161,Canada,Information and cultural industries [51],Job vacancies,Number,2019-07-01,14040.0,A,3,2019,1900.0,11377.5,762.5,3160.0,3477.5,19277.5,0.8425632911392406,Normal,Information and cultural industries [51],62.47999999999999,71.53999999999999,-9.060000000000002,8.0,Below,Above
144,1164,Canada,Finance and insurance [52],Job vacancies,Number,2019-07-01,21855.0,A,3,2019,-1490.0,22842.5,-655.0,1255.0,19705.0,25980.0,-0.7868525896414342,Normal,Finance and insurance [52],60.1,65.32,-5.219999999999992,7.0,Below,Below
145,1167,Canada,Real estate and rental and leasing [53],Job vacancies,Number,2019-07-01,8385.0,B,3,2019,45.0,8362.5,110.0,617.5,6818.75,9906.25,0.0364372469635627,Normal,Real estate and rental and leasing [53],44.05,64.25999999999999,-20.209999999999994,10.0,Below,Below
146,1170,Canada,"Professional, scientific and technical services [54]",Job vacancies,Number,2019-07-01,36940.0,A,3,2019,1320.0,38092.5,660.0,6242.5,22486.25,53698.75,-0.184621545855026,Normal,"Professional, scientific and technical services [54]",62.18,65.05,-2.8699999999999974,3.0,Below,Below
147,1176,Canada,"Administrative and support, waste management and remediation services [56]",Job vacancies,Number,2019-07-01,38915.0,A,3,2019,-935.0,39382.5,1710.0,5192.5,26401.25,52363.75,-0.0900337024554646,Normal,"Administrative and support, waste management and remediation services [56]",69.37,60.26,9.110000000000008,9.0,Above,Below
148,1182,Canada,Health care and social assistance [62],Job vacancies,Number,2019-07-01,66915.0,A,3,2019,2680.0,92145.0,5235.0,37690.0,-2080.0,186370.0,-0.6694083311223136,Normal,Health care and social assistance [62],65.35,68.88,-3.530000000000001,4.0,Above,Above
149,1185,Canada,"Arts, entertainment and recreation [71]",Job vacancies,Number,2019-07-01,12440.0,A,3,2019,240.0,12320.0,505.0,1975.0,7382.5,17257.5,0.060759493670886,Normal,"Arts, entertainment and recreation [71]",61.89,66.41,-4.519999999999996,5.0,Below,Below
150,1203,Canada,"Mining, quarrying, and oil and gas extraction [21]",Job vacancies,Number,2019-10-01,4115.0,B,4,2019,-1160.0,5295.0,0.0,1180.0,2345.0,8245.0,-1.0,Normal,"Mining, quarrying, and oil and gas extraction [21]",67.83,66.72,1.1099999999999994,2.0,Above,Above
151,1209,Canada,Construction [23],Job vacancies,Number,2019-10-01,36835.0,A,4,2019,-4440.0,41910.0,760.0,9585.0,17947.5,65872.5,-0.5294731351069379,Normal,Construction [23],67.59,67.24,0.3500000000000085,1.0,Above,Above
152,1212,Canada,Manufacturing [31-33],Job vacancies,Number,2019-10-01,44780.0,A,4,2019,-6755.0,44780.0,0.0,6755.0,27892.5,61667.5,0.0,Normal,Manufacturing [31-33],64.87,69.61999999999999,-4.749999999999986,6.0,Above,Above
153,1224,Canada,Information and cultural industries [51],Job vacancies,Number,2019-10-01,14620.0,B,4,2019,-430.0,11905.0,0.0,2895.0,4667.5,19142.5,0.9378238341968912,Normal,Information and cultural industries [51],62.47999999999999,71.53999999999999,-9.060000000000002,8.0,Below,Above
154,1227,Canada,Finance and insurance [52],Job vacancies,Number,2019-10-01,20815.0,A,4,2019,-5855.0,22365.0,1550.0,3170.0,14440.0,30290.0,-0.4889589905362776,Normal,Finance and insurance [52],60.1,65.32,-5.219999999999992,7.0,Below,Below
155,1230,Canada,Real estate and rental and leasing [53],Job vacancies,Number,2019-10-01,8305.0,B,4,2019,-160.0,8220.0,-95.0,775.0,6282.5,10157.5,0.1096774193548387,Normal,Real estate and rental and leasing [53],44.05,64.25999999999999,-20.209999999999994,10.0,Below,Below
156,1233,Canada,"Professional, scientific and technical services [54]",Job vacancies,Number,2019-10-01,37495.0,A,4,2019,-125.0,37765.0,0.0,3875.0,28077.5,47452.5,-0.0696774193548387,Normal,"Professional, scientific and technical services [54]",62.18,65.05,-2.8699999999999974,3.0,Below,Below
157,1239,Canada,"Administrative and support, waste management and remediation services [56]",Job vacancies,Number,2019-10-01,36005.0,A,4,2019,-9565.0,36270.0,0.0,7155.0,18382.5,54157.5,-0.037037037037037,Normal,"Administrative and support, waste management and remediation services [56]",69.37,60.26,9.110000000000008,9.0,Above,Below
158,1245,Canada,Health care and social assistance [62],Job vacancies,Number,2019-10-01,68435.0,A,4,2019,5385.0,105640.0,9585.0,37205.0,12627.5,198652.5,-1.0,Normal,Health care and social assistance [62],65.35,68.88,-3.530000000000001,4.0,Above,Above
159,1248,Canada,"Arts, entertainment and recreation [71]",Job vacancies,Number,2019-10-01,12305.0,A,4,2019,-540.0,12305.0,-540.0,3960.0,2405.0,22205.0,0.0,Normal,"Arts, entertainment and recreation [71]",61.89,66.41,-4.519999999999996,5.0,Below,Below
160,1266,Canada,"Mining, quarrying, and oil and gas extraction [21]",Job vacancies,Number,2020-01-01,4750.0,B,1,2020,-195.0,5210.0,-97.5,812.5,3178.75,7241.25,-0.5661538461538461,Normal,"Mining, quarrying, and oil and gas extraction [21]",67.83,66.72,1.1099999999999994,2.0,Above,Above
161,1272,Canada,Construction [23],Job vacancies,Number,2020-01-01,39275.0,B,1,2020,1890.0,40480.0,2232.5,10570.0,14055.0,66905.0,-0.1140018921475875,Normal,Construction [23],67.59,67.24,0.3500000000000085,1.0,Above,Above
162,1275,Canada,Manufacturing [31-33],Job vacancies,Number,2020-01-01,44940.0,A,1,2020,-5540.0,44575.0,3135.0,8442.5,23468.75,65681.25,0.0432336393248445,Normal,Manufacturing [31-33],64.87,69.61999999999999,-4.749999999999986,6.0,Above,Above
163,1287,Canada,Information and cultural industries [51],Job vacancies,Number,2020-01-01,13650.0,A,1,2020,40.0,11975.0,-70.0,2165.0,6562.5,17387.5,0.7736720554272517,Normal,Information and cultural industries [51],62.47999999999999,71.53999999999999,-9.060000000000002,8.0,Below,Above
164,1290,Canada,Finance and insurance [52],Job vacancies,Number,2020-01-01,23370.0,A,1,2020,1030.0,23010.0,282.5,2295.0,17272.5,28747.5,0.1568627450980392,Normal,Finance and insurance [52],60.1,65.32,-5.219999999999992,7.0,Below,Below
165,1293,Canada,Real estate and rental and leasing [53],Job vacancies,Number,2020-01-01,8060.0,B,1,2020,200.0,7930.0,-180.0,657.5,6286.25,9573.75,0.1977186311787072,Normal,Real estate and rental and leasing [53],44.05,64.25999999999999,-20.209999999999994,10.0,Below,Below
166,1296,Canada,"Professional, scientific and technical services [54]",Job vacancies,Number,2020-01-01,41675.0,A,1,2020,955.0,41197.5,1530.0,7842.5,21591.25,60803.75,0.0608861970035065,Normal,"Professional, scientific and technical services [54]",62.18,65.05,-2.8699999999999974,3.0,Below,Below
167,1302,Canada,"Administrative and support, waste management and remediation services [56]",Job vacancies,Number,2020-01-01,42020.0,A,1,2020,-85.0,39692.5,-42.5,3720.0,30392.5,48992.5,0.6256720430107527,Normal,"Administrative and support, waste management and remediation services [56]",69.37,60.26,9.110000000000008,9.0,Above,Below
168,1308,Canada,Health care and social assistance [62],Job vacancies,Number,2020-01-01,73610.0,A,1,2020,9430.0,86852.5,8937.5,38762.5,-10053.75,183758.75,-0.3416317316994517,Normal,Health care and social assistance [62],65.35,68.88,-3.530000000000001,4.0,Above,Above
169,1311,Canada,"Arts, entertainment and recreation [71]",Job vacancies,Number,2020-01-01,11455.0,B,1,2020,-3465.0,11365.0,-515.0,2222.5,5808.75,16921.25,0.0404949381327334,Normal,"Arts, entertainment and recreation [71]",61.89,66.41,-4.519999999999996,5.0,Below,Below
170,1329,Canada,"Mining, quarrying, and oil and gas extraction [21]",Job vacancies,Number,2020-10-01,4555.0,B,4,2020,440.0,5295.0,0.0,1180.0,2345.0,8245.0,-0.6271186440677966,Normal,"Mining, quarrying, and oil and gas extraction [21]",67.83,66.72,1.1099999999999994,2.0,Above,Above
171,1335,Canada,Construction [23],Job vacancies,Number,2020-10-01,43615.0,A,4,2020,6780.0,41910.0,760.0,9585.0,17947.5,65872.5,0.1778821074595722,Normal,Construction [23],67.59,67.24,0.3500000000000085,1.0,Above,Above
172,1338,Canada,Manufacturing [31-33],Job vacancies,Number,2020-10-01,49605.0,A,4,2020,4825.0,44780.0,0.0,6755.0,27892.5,61667.5,0.7142857142857143,Normal,Manufacturing [31-33],64.87,69.61999999999999,-4.749999999999986,6.0,Above,Above
173,1350,Canada,Information and cultural industries [51],Job vacancies,Number,2020-10-01,10435.0,B,4,2020,-4185.0,11905.0,0.0,2895.0,4667.5,19142.5,-0.5077720207253886,Normal,Information and cultural industries [51],62.47999999999999,71.53999999999999,-9.060000000000002,8.0,Below,Above
174,1353,Canada,Finance and insurance [52],Job vacancies,Number,2020-10-01,22365.0,A,4,2020,1550.0,22365.0,1550.0,3170.0,14440.0,30290.0,0.0,Normal,Finance and insurance [52],60.1,65.32,-5.219999999999992,7.0,Below,Below
175,1356,Canada,Real estate and rental and leasing [53],Job vacancies,Number,2020-10-01,6630.0,B,4,2020,-1675.0,8220.0,-95.0,775.0,6282.5,10157.5,-2.0516129032258066,Normal,Real estate and rental and leasing [53],44.05,64.25999999999999,-20.209999999999994,10.0,Below,Below
176,1359,Canada,"Professional, scientific and technical services [54]",Job vacancies,Number,2020-10-01,39395.0,A,4,2020,1900.0,37765.0,0.0,3875.0,28077.5,47452.5,0.4206451612903226,Normal,"Professional, scientific and technical services [54]",62.18,65.05,-2.8699999999999974,3.0,Below,Below
177,1365,Canada,"Administrative and support, waste management and remediation services [56]",Job vacancies,Number,2020-10-01,43425.0,B,4,2020,7420.0,36270.0,0.0,7155.0,18382.5,54157.5,1.0,Normal,"Administrative and support, waste management and remediation services [56]",69.37,60.26,9.110000000000008,9.0,Above,Below
178,1371,Canada,Health care and social assistance [62],Job vacancies,Number,2020-10-01,105640.0,A,4,2020,37205.0,105640.0,9585.0,37205.0,12627.5,198652.5,0.0,Normal,Health care and social assistance [62],65.35,68.88,-3.530000000000001,4.0,Above,Above
179,1374,Canada,"Arts, entertainment and recreation [71]",Job vacancies,Number,2020-10-01,6860.0,B,4,2020,-5445.0,12305.0,-540.0,3960.0,2405.0,22205.0,-1.375,Normal,"Arts, entertainment and recreation [71]",61.89,66.41,-4.519999999999996,5.0,Below,Below
180,1392,Canada,"Mining, quarrying, and oil and gas extraction [21]",Job vacancies,Number,2021-01-01,5375.0,B,1,2021,625.0,5210.0,-97.5,812.5,3178.75,7241.25,0.203076923076923,Normal,"Mining, quarrying, and oil and gas extraction [21]",67.83,66.72,1.1099999999999994,2.0,Above,Above
181,1398,Canada,Construction [23],Job vacancies,Number,2021-01-01,51080.0,A,1,2021,11805.0,40480.0,2232.5,10570.0,14055.0,66905.0,1.0028382213812677,Normal,Construction [23],67.59,67.24,0.3500000000000085,1.0,Above,Above
182,1401,Canada,Manufacturing [31-33],Job vacancies,Number,2021-01-01,55050.0,A,1,2021,10110.0,44575.0,3135.0,8442.5,23468.75,65681.25,1.2407462244595795,Normal,Manufacturing [31-33],64.87,69.61999999999999,-4.749999999999986,6.0,Above,Above
183,1413,Canada,Information and cultural industries [51],Job vacancies,Number,2021-01-01,11620.0,A,1,2021,-2030.0,11975.0,-70.0,2165.0,6562.5,17387.5,-0.1639722863741339,Normal,Information and cultural industries [51],62.47999999999999,71.53999999999999,-9.060000000000002,8.0,Below,Above
184,1416,Canada,Finance and insurance [52],Job vacancies,Number,2021-01-01,24250.0,A,1,2021,880.0,23010.0,282.5,2295.0,17272.5,28747.5,0.5403050108932462,Normal,Finance and insurance [52],60.1,65.32,-5.219999999999992,7.0,Below,Below
185,1419,Canada,Real estate and rental and leasing [53],Job vacancies,Number,2021-01-01,7305.0,B,1,2021,-755.0,7930.0,-180.0,657.5,6286.25,9573.75,-0.9505703422053232,Normal,Real estate and rental and leasing [53],44.05,64.25999999999999,-20.209999999999994,10.0,Below,Below
186,1422,Canada,"Professional, scientific and technical services [54]",Job vacancies,Number,2021-01-01,47100.0,A,1,2021,5425.0,41197.5,1530.0,7842.5,21591.25,60803.75,0.7526299011794708,Normal,"Professional, scientific and technical services [54]",62.18,65.05,-2.8699999999999974,3.0,Below,Below
187,1428,Canada,"Administrative and support, waste management and remediation services [56]",Job vacancies,Number,2021-01-01,39110.0,A,1,2021,-2910.0,39692.5,-42.5,3720.0,30392.5,48992.5,-0.1565860215053763,Normal,"Administrative and support, waste management and remediation services [56]",69.37,60.26,9.110000000000008,9.0,Above,Below
188,1434,Canada,Health care and social assistance [62],Job vacancies,Number,2021-01-01,100095.0,A,1,2021,26485.0,86852.5,8937.5,38762.5,-10053.75,183758.75,0.3416317316994517,Normal,Health care and social assistance [62],65.35,68.88,-3.530000000000001,4.0,Above,Above
189,1437,Canada,"Arts, entertainment and recreation [71]",Job vacancies,Number,2021-01-01,6965.0,B,1,2021,-4490.0,11365.0,-515.0,2222.5,5808.75,16921.25,-1.9797525309336332,Normal,"Arts, entertainment and recreation [71]",61.89,66.41,-4.519999999999996,5.0,Below,Below
190,1455,Canada,"Mining, quarrying, and oil and gas extraction [21]",Job vacancies,Number,2021-04-01,7115.0,B,2,2021,1470.0,5645.0,335.0,1470.0,1970.0,9320.0,1.0,Normal,"Mining, quarrying, and oil and gas extraction [21]",67.83,66.72,1.1099999999999994,2.0,Above,Above
191,1461,Canada,Construction [23],Job vacancies,Number,2021-04-01,58400.0,A,2,2021,19640.0,39160.0,260.0,11885.0,9447.5,68872.5,1.6188472864955827,Normal,Construction [23],67.59,67.24,0.3500000000000085,1.0,Above,Above
192,1464,Canada,Manufacturing [31-33],Job vacancies,Number,2021-04-01,63295.0,A,2,2021,14555.0,46980.0,1760.0,10580.0,20530.0,73430.0,1.5420604914933838,Normal,Manufacturing [31-33],64.87,69.61999999999999,-4.749999999999986,6.0,Above,Above
193,1476,Canada,Information and cultural industries [51],Job vacancies,Number,2021-04-01,13130.0,A,2,2021,-25.0,11165.0,0.0,1990.0,6190.0,16140.0,0.9874371859296482,Normal,Information and cultural industries [51],62.47999999999999,71.53999999999999,-9.060000000000002,8.0,Below,Above
194,1479,Canada,Finance and insurance [52],Job vacancies,Number,2021-04-01,24860.0,A,2,2021,3325.0,21920.0,0.0,2205.0,16407.5,27432.5,1.3333333333333333,Normal,Finance and insurance [52],60.1,65.32,-5.219999999999992,7.0,Below,Below
195,1482,Canada,Real estate and rental and leasing [53],Job vacancies,Number,2021-04-01,7980.0,B,2,2021,525.0,7455.0,180.0,590.0,5980.0,8930.0,0.8898305084745762,Normal,Real estate and rental and leasing [53],44.05,64.25999999999999,-20.209999999999994,10.0,Below,Below
196,1485,Canada,"Professional, scientific and technical services [54]",Job vacancies,Number,2021-04-01,50770.0,A,2,2021,11630.0,38340.0,3025.0,8180.0,17890.0,58790.0,1.519559902200489,Normal,"Professional, scientific and technical services [54]",62.18,65.05,-2.8699999999999974,3.0,Below,Below
197,1491,Canada,"Administrative and support, waste management and remediation services [56]",Job vacancies,Number,2021-04-01,45640.0,A,2,2021,3400.0,40275.0,1965.0,7140.0,22425.0,58125.0,0.7514005602240896,Normal,"Administrative and support, waste management and remediation services [56]",69.37,60.26,9.110000000000008,9.0,Above,Below
198,1497,Canada,Health care and social assistance [62],Job vacancies,Number,2021-04-01,106520.0,A,2,2021,39950.0,103575.0,5735.0,37005.0,11062.5,196087.5,0.0795838400216187,Normal,Health care and social assistance [62],65.35,68.88,-3.530000000000001,4.0,Above,Above
199,1500,Canada,"Arts, entertainment and recreation [71]",Job vacancies,Number,2021-04-01,13905.0,B,2,2021,490.0,12330.0,465.0,2845.0,5217.5,19442.5,0.5536028119507909,Normal,"Arts, entertainment and recreation [71]",61.89,66.41,-4.519999999999996,5.0,Below,Below
200,1518,Canada,"Mining, quarrying, and oil and gas extraction [21]",Job vacancies,Number,2021-07-01,8275.0,B,3,2021,4070.0,5775.0,77.5,1752.5,1393.75,10156.25,1.4265335235378032,Normal,"Mining, quarrying, and oil and gas extraction [21]",67.83,66.72,1.1099999999999994,2.0,Above,Above
201,1524,Canada,Construction [23],Job vacancies,Number,2021-07-01,70415.0,A,3,2021,33795.0,39200.0,2810.0,12620.0,7650.0,70750.0,2.473454833597464,Unusual,Construction [23],67.59,67.24,0.3500000000000085,1.0,Above,Above
202,1527,Canada,Manufacturing [31-33],Job vacancies,Number,2021-07-01,78270.0,A,3,2021,31335.0,48187.5,387.5,11970.0,18262.5,78112.5,2.513157894736842,Unusual,Manufacturing [31-33],64.87,69.61999999999999,-4.749999999999986,6.0,Above,Above
203,1539,Canada,Information and cultural industries [51],Job vacancies,Number,2021-07-01,19610.0,B,3,2021,5570.0,11377.5,762.5,3160.0,3477.5,19277.5,2.6052215189873418,Unusual,Information and cultural industries [51],62.47999999999999,71.53999999999999,-9.060000000000002,8.0,Below,Above
204,1542,Canada,Finance and insurance [52],Job vacancies,Number,2021-07-01,36770.0,A,3,2021,14915.0,22842.5,-655.0,1255.0,19705.0,25980.0,11.097609561752988,Very Unusual,Finance and insurance [52],60.1,65.32,-5.219999999999992,7.0,Below,Below
205,1545,Canada,Real estate and rental and leasing [53],Job vacancies,Number,2021-07-01,8560.0,B,3,2021,175.0,8362.5,110.0,617.5,6818.75,9906.25,0.3198380566801619,Normal,Real estate and rental and leasing [53],44.05,64.25999999999999,-20.209999999999994,10.0,Below,Below
206,1548,Canada,"Professional, scientific and technical services [54]",Job vacancies,Number,2021-07-01,61885.0,A,3,2021,24945.0,38092.5,660.0,6242.5,22486.25,53698.75,3.8113736483780536,Very Unusual,"Professional, scientific and technical services [54]",62.18,65.05,-2.8699999999999974,3.0,Below,Below
207,1554,Canada,"Administrative and support, waste management and remediation services [56]",Job vacancies,Number,2021-07-01,54250.0,A,3,2021,15335.0,39382.5,1710.0,5192.5,26401.25,52363.75,2.8632643235435724,Unusual,"Administrative and support, waste management and remediation services [56]",69.37,60.26,9.110000000000008,9.0,Above,Below
208,1560,Canada,Health care and social assistance [62],Job vacancies,Number,2021-07-01,117375.0,A,3,2021,50460.0,92145.0,5235.0,37690.0,-2080.0,186370.0,0.6694083311223136,Normal,Health care and social assistance [62],65.35,68.88,-3.530000000000001,4.0,Above,Above
209,1563,Canada,"Arts, entertainment and recreation [71]",Job vacancies,Number,2021-07-01,17405.0,B,3,2021,4965.0,12320.0,505.0,1975.0,7382.5,17257.5,2.5746835443037974,Unusual,"Arts, entertainment and recreation [71]",61.89,66.41,-4.519999999999996,5.0,Below,Below
210,1581,Canada,"Mining, quarrying, and oil and gas extraction [21]",Job vacancies,Number,2021-10-01,8160.0,B,4,2021,3605.0,5295.0,0.0,1180.0,2345.0,8245.0,2.4279661016949152,Unusual,"Mining, quarrying, and oil and gas extraction [21]",67.83,66.72,1.1099999999999994,2.0,Above,Above
211,1587,Canada,Construction [23],Job vacancies,Number,2021-10-01,73445.0,A,4,2021,29830.0,41910.0,760.0,9585.0,17947.5,65872.5,3.290036515388628,Very Unusual,Construction [23],67.59,67.24,0.3500000000000085,1.0,Above,Above
212,1590,Canada,Manufacturing [31-33],Job vacancies,Number,2021-10-01,84080.0,A,4,2021,34475.0,44780.0,0.0,6755.0,27892.5,61667.5,5.817912657290895,Very Unusual,Manufacturing [31-33],64.87,69.61999999999999,-4.749999999999986,6.0,Above,Above
213,1602,Canada,Information and cultural industries [51],Job vacancies,Number,2021-10-01,18305.0,A,4,2021,7870.0,11905.0,0.0,2895.0,4667.5,19142.5,2.2107081174438687,Unusual,Information and cultural industries [51],62.47999999999999,71.53999999999999,-9.060000000000002,8.0,Below,Above
214,1605,Canada,Finance and insurance [52],Job vacancies,Number,2021-10-01,31935.0,A,4,2021,9570.0,22365.0,1550.0,3170.0,14440.0,30290.0,3.018927444794953,Very Unusual,Finance and insurance [52],60.1,65.32,-5.219999999999992,7.0,Below,Below
215,1608,Canada,Real estate and rental and leasing [53],Job vacancies,Number,2021-10-01,11245.0,B,4,2021,4615.0,8220.0,-95.0,775.0,6282.5,10157.5,3.903225806451613,Very Unusual,Real estate and rental and leasing [53],44.05,64.25999999999999,-20.209999999999994,10.0,Below,Below
216,1611,Canada,"Professional, scientific and technical services [54]",Job vacancies,Number,2021-10-01,66815.0,A,4,2021,27420.0,37765.0,0.0,3875.0,28077.5,47452.5,7.496774193548387,Very Unusual,"Professional, scientific and technical services [54]",62.18,65.05,-2.8699999999999974,3.0,Below,Below
217,1617,Canada,"Administrative and support, waste management and remediation services [56]",Job vacancies,Number,2021-10-01,64320.0,A,4,2021,20895.0,36270.0,0.0,7155.0,18382.5,54157.5,3.920335429769392,Very Unusual,"Administrative and support, waste management and remediation services [56]",69.37,60.26,9.110000000000008,9.0,Above,Below
218,1623,Canada,Health care and social assistance [62],Job vacancies,Number,2021-10-01,130180.0,A,4,2021,24540.0,105640.0,9585.0,37205.0,12627.5,198652.5,0.6595887649509474,Normal,Health care and social assistance [62],65.35,68.88,-3.530000000000001,4.0,Above,Above
219,1626,Canada,"Arts, entertainment and recreation [71]",Job vacancies,Number,2021-10-01,17835.0,A,4,2021,10975.0,12305.0,-540.0,3960.0,2405.0,22205.0,1.3964646464646464,Normal,"Arts, entertainment and recreation [71]",61.89,66.41,-4.519999999999996,5.0,Below,Below
220,1644,Canada,"Mining, quarrying, and oil and gas extraction [21]",Job vacancies,Number,2022-01-01,9115.0,B,1,2022,3740.0,5210.0,-97.5,812.5,3178.75,7241.25,4.806153846153846,Very Unusual,"Mining, quarrying, and oil and gas extraction [21]",67.83,66.72,1.1099999999999994,2.0,Above,Above
221,1650,Canada,Construction [23],Job vacancies,Number,2022-01-01,77050.0,A,1,2022,25970.0,40480.0,2232.5,10570.0,14055.0,66905.0,3.4597918637653735,Very Unusual,Construction [23],67.59,67.24,0.3500000000000085,1.0,Above,Above
222,1653,Canada,Manufacturing [31-33],Job vacancies,Number,2022-01-01,85555.0,A,1,2022,30505.0,44575.0,3135.0,8442.5,23468.75,65681.25,4.854012437074326,Very Unusual,Manufacturing [31-33],64.87,69.61999999999999,-4.749999999999986,6.0,Above,Above
223,1665,Canada,Information and cultural industries [51],Job vacancies,Number,2022-01-01,18090.0,A,1,2022,6470.0,11975.0,-70.0,2165.0,6562.5,17387.5,2.8244803695150114,Unusual,Information and cultural industries [51],62.47999999999999,71.53999999999999,-9.060000000000002,8.0,Below,Above
224,1668,Canada,Finance and insurance [52],Job vacancies,Number,2022-01-01,35765.0,A,1,2022,11515.0,23010.0,282.5,2295.0,17272.5,28747.5,5.557734204793029,Very Unusual,Finance and insurance [52],60.1,65.32,-5.219999999999992,7.0,Below,Below
225,1671,Canada,Real estate and rental and leasing [53],Job vacancies,Number,2022-01-01,11810.0,B,1,2022,4505.0,7930.0,-180.0,657.5,6286.25,9573.75,5.901140684410646,Very Unusual,Real estate and rental and leasing [53],44.05,64.25999999999999,-20.209999999999994,10.0,Below,Below
226,1674,Canada,"Professional, scientific and technical services [54]",Job vacancies,Number,2022-01-01,68730.0,A,1,2022,21630.0,41197.5,1530.0,7842.5,21591.25,60803.75,3.5106789926681543,Very Unusual,"Professional, scientific and technical services [54]",62.18,65.05,-2.8699999999999974,3.0,Below,Below
227,1680,Canada,"Administrative and support, waste management and remediation services [56]",Job vacancies,Number,2022-01-01,59985.0,A,1,2022,20875.0,39692.5,-42.5,3720.0,30392.5,48992.5,5.45497311827957,Very Unusual,"Administrative and support, waste management and remediation services [56]",69.37,60.26,9.110000000000008,9.0,Above,Below
228,1686,Canada,Health care and social assistance [62],Job vacancies,Number,2022-01-01,136040.0,A,1,2022,35945.0,86852.5,8937.5,38762.5,-10053.75,183758.75,1.2689455014511448,Normal,Health care and social assistance [62],65.35,68.88,-3.530000000000001,4.0,Above,Above
229,1689,Canada,"Arts, entertainment and recreation [71]",Job vacancies,Number,2022-01-01,16450.0,B,1,2022,9485.0,11365.0,-515.0,2222.5,5808.75,16921.25,2.287964004499438,Unusual,"Arts, entertainment and recreation [71]",61.89,66.41,-4.519999999999996,5.0,Below,Below
230,1707,Canada,"Mining, quarrying, and oil and gas extraction [21]",Job vacancies,Number,2022-04-01,8500.0,A,2,2022,1385.0,5645.0,335.0,1470.0,1970.0,9320.0,1.9421768707482991,Normal,"Mining, quarrying, and oil and gas extraction [21]",67.83,66.72,1.1099999999999994,2.0,Above,Above
231,1713,Canada,Construction [23],Job vacancies,Number,2022-04-01,85415.0,A,2,2022,27015.0,39160.0,260.0,11885.0,9447.5,68872.5,3.8918805216659655,Very Unusual,Construction [23],67.59,67.24,0.3500000000000085,1.0,Above,Above
232,1716,Canada,Manufacturing [31-33],Job vacancies,Number,2022-04-01,84500.0,A,2,2022,21205.0,46980.0,1760.0,10580.0,20530.0,73430.0,3.5463137996219283,Very Unusual,Manufacturing [31-33],64.87,69.61999999999999,-4.749999999999986,6.0,Above,Above
233,1728,Canada,Information and cultural industries [51],Job vacancies,Number,2022-04-01,18725.0,B,2,2022,5595.0,11165.0,0.0,1990.0,6190.0,16140.0,3.798994974874372,Very Unusual,Information and cultural industries [51],62.47999999999999,71.53999999999999,-9.060000000000002,8.0,Below,Above
234,1731,Canada,Finance and insurance [52],Job vacancies,Number,2022-04-01,41305.0,A,2,2022,16445.0,21920.0,0.0,2205.0,16407.5,27432.5,8.791383219954648,Very Unusual,Finance and insurance [52],60.1,65.32,-5.219999999999992,7.0,Below,Below
235,1734,Canada,Real estate and rental and leasing [53],Job vacancies,Number,2022-04-01,12695.0,B,2,2022,4715.0,7455.0,180.0,590.0,5980.0,8930.0,8.88135593220339,Very Unusual,Real estate and rental and leasing [53],44.05,64.25999999999999,-20.209999999999994,10.0,Below,Below
236,1737,Canada,"Professional, scientific and technical services [54]",Job vacancies,Number,2022-04-01,73530.0,A,2,2022,22760.0,38340.0,3025.0,8180.0,17890.0,58790.0,4.301955990220049,Very Unusual,"Professional, scientific and technical services [54]",62.18,65.05,-2.8699999999999974,3.0,Below,Below
237,1743,Canada,"Administrative and support, waste management and remediation services [56]",Job vacancies,Number,2022-04-01,59770.0,A,2,2022,14130.0,40275.0,1965.0,7140.0,22425.0,58125.0,2.730392156862745,Unusual,"Administrative and support, waste management and remediation services [56]",69.37,60.26,9.110000000000008,9.0,Above,Below
238,1749,Canada,Health care and social assistance [62],Job vacancies,Number,2022-04-01,136410.0,A,2,2022,29890.0,103575.0,5735.0,37005.0,11062.5,196087.5,0.8873125253344143,Normal,Health care and social assistance [62],65.35,68.88,-3.530000000000001,4.0,Above,Above
239,1752,Canada,"Arts, entertainment and recreation [71]",Job vacancies,Number,2022-04-01,18500.0,A,2,2022,4595.0,12330.0,465.0,2845.0,5217.5,19442.5,2.1687170474516697,Unusual,"Arts, entertainment and recreation [71]",61.89,66.41,-4.519999999999996,5.0,Below,Below
240,1770,Canada,"Mining, quarrying, and oil and gas extraction [21]",Job vacancies,Number,2022-07-01,8430.0,B,3,2022,155.0,5775.0,77.5,1752.5,1393.75,10156.25,1.514978601997147,Normal,"Mining, quarrying, and oil and gas extraction [21]",67.83,66.72,1.1099999999999994,2.0,Above,Above
241,1776,Canada,Construction [23],Job vacancies,Number,2022-07-01,83305.0,A,3,2022,12890.0,39200.0,2810.0,12620.0,7650.0,70750.0,3.4948494453248813,Very Unusual,Construction [23],67.59,67.24,0.3500000000000085,1.0,Above,Above
242,1779,Canada,Manufacturing [31-33],Job vacancies,Number,2022-07-01,79045.0,A,3,2022,775.0,48187.5,387.5,11970.0,18262.5,78112.5,2.577903091060986,Unusual,Manufacturing [31-33],64.87,69.61999999999999,-4.749999999999986,6.0,Above,Above
243,1791,Canada,Information and cultural industries [51],Job vacancies,Number,2022-07-01,18665.0,B,3,2022,-945.0,11377.5,762.5,3160.0,3477.5,19277.5,2.3061708860759493,Unusual,Information and cultural industries [51],62.47999999999999,71.53999999999999,-9.060000000000002,8.0,Below,Above
244,1794,Canada,Finance and insurance [52],Job vacancies,Number,2022-07-01,39915.0,A,3,2022,3145.0,22842.5,-655.0,1255.0,19705.0,25980.0,13.603585657370518,Very Unusual,Finance and insurance [52],60.1,65.32,-5.219999999999992,7.0,Below,Below
245,1797,Canada,Real estate and rental and leasing [53],Job vacancies,Number,2022-07-01,12300.0,B,3,2022,3740.0,8362.5,110.0,617.5,6818.75,9906.25,6.376518218623482,Very Unusual,Real estate and rental and leasing [53],44.05,64.25999999999999,-20.209999999999994,10.0,Below,Below
246,1800,Canada,"Professional, scientific and technical services [54]",Job vacancies,Number,2022-07-01,64450.0,A,3,2022,2565.0,38092.5,660.0,6242.5,22486.25,53698.75,4.222266720064077,Very Unusual,"Professional, scientific and technical services [54]",62.18,65.05,-2.8699999999999974,3.0,Below,Below
247,1806,Canada,"Administrative and support, waste management and remediation services [56]",Job vacancies,Number,2022-07-01,58090.0,A,3,2022,3840.0,39382.5,1710.0,5192.5,26401.25,52363.75,3.6027924891670677,Very Unusual,"Administrative and support, waste management and remediation services [56]",69.37,60.26,9.110000000000008,9.0,Above,Below
248,1812,Canada,Health care and social assistance [62],Job vacancies,Number,2022-07-01,150060.0,A,3,2022,32685.0,92145.0,5235.0,37690.0,-2080.0,186370.0,1.5366144866012206,Normal,Health care and social assistance [62],65.35,68.88,-3.530000000000001,4.0,Above,Above
249,1815,Canada,"Arts, entertainment and recreation [71]",Job vacancies,Number,2022-07-01,18560.0,B,3,2022,1155.0,12320.0,505.0,1975.0,7382.5,17257.5,3.159493670886076,Very Unusual,"Arts, entertainment and recreation [71]",61.89,66.41,-4.519999999999996,5.0,Below,Below
250,1833,Canada,"Mining, quarrying, and oil and gas extraction [21]",Job vacancies,Number,2022-10-01,8940.0,B,4,2022,780.0,5295.0,0.0,1180.0,2345.0,8245.0,3.0889830508474576,Very Unusual,"Mining, quarrying, and oil and gas extraction [21]",67.83,66.72,1.1099999999999994,2.0,Above,Above
251,1839,Canada,Construction [23],Job vacancies,Number,2022-10-01,74205.0,A,4,2022,760.0,41910.0,760.0,9585.0,17947.5,65872.5,3.3693270735524257,Very Unusual,Construction [23],67.59,67.24,0.3500000000000085,1.0,Above,Above
252,1842,Canada,Manufacturing [31-33],Job vacancies,Number,2022-10-01,72385.0,A,4,2022,-11695.0,44780.0,0.0,6755.0,27892.5,61667.5,4.08660251665433,Very Unusual,Manufacturing [31-33],64.87,69.61999999999999,-4.749999999999986,6.0,Above,Above
253,1854,Canada,Information and cultural industries [51],Job vacancies,Number,2022-10-01,14215.0,B,4,2022,-4090.0,11905.0,0.0,2895.0,4667.5,19142.5,0.7979274611398963,Normal,Information and cultural industries [51],62.47999999999999,71.53999999999999,-9.060000000000002,8.0,Below,Above
254,1857,Canada,Finance and insurance [52],Job vacancies,Number,2022-10-01,37120.0,A,4,2022,5185.0,22365.0,1550.0,3170.0,14440.0,30290.0,4.6545741324921135,Very Unusual,Finance and insurance [52],60.1,65.32,-5.219999999999992,7.0,Below,Below
255,1860,Canada,Real estate and rental and leasing [53],Job vacancies,Number,2022-10-01,11150.0,B,4,2022,-95.0,8220.0,-95.0,775.0,6282.5,10157.5,3.7806451612903222,Very Unusual,Real estate and rental and leasing [53],44.05,64.25999999999999,-20.209999999999994,10.0,Below,Below
256,1863,Canada,"Professional, scientific and technical services [54]",Job vacancies,Number,2022-10-01,58190.0,A,4,2022,-8625.0,37765.0,0.0,3875.0,28077.5,47452.5,5.2709677419354835,Very Unusual,"Professional, scientific and technical services [54]",62.18,65.05,-2.8699999999999974,3.0,Below,Below
257,1869,Canada,"Administrative and support, waste management and remediation services [56]",Job vacancies,Number,2022-10-01,48125.0,A,4,2022,-16195.0,36270.0,0.0,7155.0,18382.5,54157.5,1.6568832983927324,Normal,"Administrative and support, waste management and remediation services [56]",69.37,60.26,9.110000000000008,9.0,Above,Below
258,1875,Canada,Health care and social assistance [62],Job vacancies,Number,2022-10-01,146975.0,A,4,2022,16795.0,105640.0,9585.0,37205.0,12627.5,198652.5,1.1110065851364064,Normal,Health care and social assistance [62],65.35,68.88,-3.530000000000001,4.0,Above,Above
259,1878,Canada,"Arts, entertainment and recreation [71]",Job vacancies,Number,2022-10-01,17005.0,B,4,2022,-830.0,12305.0,-540.0,3960.0,2405.0,22205.0,1.1868686868686869,Normal,"Arts, entertainment and recreation [71]",61.89,66.41,-4.519999999999996,5.0,Below,Below
260,1896,Canada,"Mining, quarrying, and oil and gas extraction [21]",Job vacancies,Number,2023-01-01,8440.0,A,1,2023,-675.0,5210.0,-97.5,812.5,3178.75,7241.25,3.9753846153846153,Very Unusual,"Mining, quarrying, and oil and gas extraction [21]",67.83,66.72,1.1099999999999994,2.0,Above,Above
261,1902,Canada,Construction [23],Job vacancies,Number,2023-01-01,69425.0,A,1,2023,-7625.0,40480.0,2232.5,10570.0,14055.0,66905.0,2.73841059602649,Unusual,Construction [23],67.59,67.24,0.3500000000000085,1.0,Above,Above
262,1905,Canada,Manufacturing [31-33],Job vacancies,Number,2023-01-01,63370.0,A,1,2023,-22185.0,44575.0,3135.0,8442.5,23468.75,65681.25,2.2262363044122,Unusual,Manufacturing [31-33],64.87,69.61999999999999,-4.749999999999986,6.0,Above,Above
263,1917,Canada,Information and cultural industries [51],Job vacancies,Number,2023-01-01,13125.0,B,1,2023,-4965.0,11975.0,-70.0,2165.0,6562.5,17387.5,0.5311778290993071,Normal,Information and cultural industries [51],62.47999999999999,71.53999999999999,-9.060000000000002,8.0,Below,Above
264,1920,Canada,Finance and insurance [52],Job vacancies,Number,2023-01-01,30755.0,A,1,2023,-5010.0,23010.0,282.5,2295.0,17272.5,28747.5,3.374727668845316,Very Unusual,Finance and insurance [52],60.1,65.32,-5.219999999999992,7.0,Below,Below
265,1923,Canada,Real estate and rental and leasing [53],Job vacancies,Number,2023-01-01,11020.0,B,1,2023,-790.0,7930.0,-180.0,657.5,6286.25,9573.75,4.699619771863118,Very Unusual,Real estate and rental and leasing [53],44.05,64.25999999999999,-20.209999999999994,10.0,Below,Below
266,1926,Canada,"Professional, scientific and technical services [54]",Job vacancies,Number,2023-01-01,50980.0,A,1,2023,-17750.0,41197.5,1530.0,7842.5,21591.25,60803.75,1.2473700988205292,Normal,"Professional, scientific and technical services [54]",62.18,65.05,-2.8699999999999974,3.0,Below,Below
267,1932,Canada,"Administrative and support, waste management and remediation services [56]",Job vacancies,Number,2023-01-01,48910.0,A,1,2023,-11075.0,39692.5,-42.5,3720.0,30392.5,48992.5,2.4778225806451615,Unusual,"Administrative and support, waste management and remediation services [56]",69.37,60.26,9.110000000000008,9.0,Above,Below
268,1938,Canada,Health care and social assistance [62],Job vacancies,Number,2023-01-01,144485.0,A,1,2023,8445.0,86852.5,8937.5,38762.5,-10053.75,183758.75,1.4868107062237987,Normal,Health care and social assistance [62],65.35,68.88,-3.530000000000001,4.0,Above,Above
269,1941,Canada,"Arts, entertainment and recreation [71]",Job vacancies,Number,2023-01-01,15420.0,B,1,2023,-1030.0,11365.0,-515.0,2222.5,5808.75,16921.25,1.8245219347581552,Normal,"Arts, entertainment and recreation [71]",61.89,66.41,-4.519999999999996,5.0,Below,Below
270,1959,Canada,"Mining, quarrying, and oil and gas extraction [21]",Job vacancies,Number,2023-04-01,8265.0,A,2,2023,-235.0,5645.0,335.0,1470.0,1970.0,9320.0,1.782312925170068,Normal,"Mining, quarrying, and oil and gas extraction [21]",67.83,66.72,1.1099999999999994,2.0,Above,Above
271,1965,Canada,Construction [23],Job vacancies,Number,2023-04-01,63785.0,A,2,2023,-21630.0,39160.0,260.0,11885.0,9447.5,68872.5,2.0719394194362644,Unusual,Construction [23],67.59,67.24,0.3500000000000085,1.0,Above,Above
272,1968,Canada,Manufacturing [31-33],Job vacancies,Number,2023-04-01,56470.0,A,2,2023,-28030.0,46980.0,1760.0,10580.0,20530.0,73430.0,0.8969754253308129,Normal,Manufacturing [31-33],64.87,69.61999999999999,-4.749999999999986,6.0,Above,Above
273,1980,Canada,Information and cultural industries [51],Job vacancies,Number,2023-04-01,11165.0,A,2,2023,-7560.0,11165.0,0.0,1990.0,6190.0,16140.0,0.0,Normal,Information and cultural industries [51],62.47999999999999,71.53999999999999,-9.060000000000002,8.0,Below,Above
274,1983,Canada,Finance and insurance [52],Job vacancies,Number,2023-04-01,26450.0,A,2,2023,-14855.0,21920.0,0.0,2205.0,16407.5,27432.5,2.054421768707483,Unusual,Finance and insurance [52],60.1,65.32,-5.219999999999992,7.0,Below,Below
275,1986,Canada,Real estate and rental and leasing [53],Job vacancies,Number,2023-04-01,10840.0,B,2,2023,-1855.0,7455.0,180.0,590.0,5980.0,8930.0,5.737288135593221,Very Unusual,Real estate and rental and leasing [53],44.05,64.25999999999999,-20.209999999999994,10.0,Below,Below
276,1989,Canada,"Professional, scientific and technical services [54]",Job vacancies,Number,2023-04-01,46520.0,A,2,2023,-27010.0,38340.0,3025.0,8180.0,17890.0,58790.0,1.0,Normal,"Professional, scientific and technical services [54]",62.18,65.05,-2.8699999999999974,3.0,Below,Below
277,1995,Canada,"Administrative and support, waste management and remediation services [56]",Job vacancies,Number,2023-04-01,46675.0,A,2,2023,-13095.0,40275.0,1965.0,7140.0,22425.0,58125.0,0.896358543417367,Normal,"Administrative and support, waste management and remediation services [56]",69.37,60.26,9.110000000000008,9.0,Above,Below
278,2001,Canada,Health care and social assistance [62],Job vacancies,Number,2023-04-01,143630.0,A,2,2023,7220.0,103575.0,5735.0,37005.0,11062.5,196087.5,1.082421294419673,Normal,Health care and social assistance [62],65.35,68.88,-3.530000000000001,4.0,Above,Above
279,2004,Canada,"Arts, entertainment and recreation [71]",Job vacancies,Number,2023-04-01,15815.0,A,2,2023,-2685.0,12330.0,465.0,2845.0,5217.5,19442.5,1.2249560632688927,Normal,"Arts, entertainment and recreation [71]",61.89,66.41,-4.519999999999996,5.0,Below,Below
280,2022,Canada,"Mining, quarrying, and oil and gas extraction [21]",Job vacancies,Number,2023-07-01,7710.0,B,3,2023,-720.0,5775.0,77.5,1752.5,1393.75,10156.25,1.1041369472182596,Normal,"Mining, quarrying, and oil and gas extraction [21]",67.83,66.72,1.1099999999999994,2.0,Above,Above
281,2028,Canada,Construction [23],Job vacancies,Number,2023-07-01,60225.0,A,3,2023,-23080.0,39200.0,2810.0,12620.0,7650.0,70750.0,1.6660063391442157,Normal,Construction [23],67.59,67.24,0.3500000000000085,1.0,Above,Above
282,2031,Canada,Manufacturing [31-33],Job vacancies,Number,2023-07-01,49440.0,A,3,2023,-29605.0,48187.5,387.5,11970.0,18262.5,78112.5,0.1046365914786967,Normal,Manufacturing [31-33],64.87,69.61999999999999,-4.749999999999986,6.0,Above,Above
283,2043,Canada,Information and cultural industries [51],Job vacancies,Number,2023-07-01,7720.0,B,3,2023,-10945.0,11377.5,762.5,3160.0,3477.5,19277.5,-1.1574367088607596,Normal,Information and cultural industries [51],62.47999999999999,71.53999999999999,-9.060000000000002,8.0,Below,Above
284,2046,Canada,Finance and insurance [52],Job vacancies,Number,2023-07-01,21965.0,A,3,2023,-17950.0,22842.5,-655.0,1255.0,19705.0,25980.0,-0.6992031872509961,Normal,Finance and insurance [52],60.1,65.32,-5.219999999999992,7.0,Below,Below
285,2049,Canada,Real estate and rental and leasing [53],Job vacancies,Number,2023-07-01,9175.0,B,3,2023,-3125.0,8362.5,110.0,617.5,6818.75,9906.25,1.3157894736842106,Normal,Real estate and rental and leasing [53],44.05,64.25999999999999,-20.209999999999994,10.0,Below,Below
286,2052,Canada,"Professional, scientific and technical services [54]",Job vacancies,Number,2023-07-01,41915.0,A,3,2023,-22535.0,38092.5,660.0,6242.5,22486.25,53698.75,0.6123348017621145,Normal,"Professional, scientific and technical services [54]",62.18,65.05,-2.8699999999999974,3.0,Below,Below
287,2058,Canada,"Administrative and support, waste management and remediation services [56]",Job vacancies,Number,2023-07-01,41100.0,B,3,2023,-16990.0,39382.5,1710.0,5192.5,26401.25,52363.75,0.3307655272026962,Normal,"Administrative and support, waste management and remediation services [56]",69.37,60.26,9.110000000000008,9.0,Above,Below
288,2064,Canada,Health care and social assistance [62],Job vacancies,Number,2023-07-01,141915.0,A,3,2023,-8145.0,92145.0,5235.0,37690.0,-2080.0,186370.0,1.320509418944017,Normal,Health care and social assistance [62],65.35,68.88,-3.530000000000001,4.0,Above,Above
289,2067,Canada,"Arts, entertainment and recreation [71]",Job vacancies,Number,2023-07-01,13125.0,A,3,2023,-5435.0,12320.0,505.0,1975.0,7382.5,17257.5,0.4075949367088607,Normal,"Arts, entertainment and recreation [71]",61.89,66.41,-4.519999999999996,5.0,Below,Below
290,2085,Canada,"Mining, quarrying, and oil and gas extraction [21]",Job vacancies,Number,2023-10-01,7190.0,B,4,2023,-1750.0,5295.0,0.0,1180.0,2345.0,8245.0,1.6059322033898304,Normal,"Mining, quarrying, and oil and gas extraction [21]",67.83,66.72,1.1099999999999994,2.0,Above,Above
291,2091,Canada,Construction [23],Job vacancies,Number,2023-10-01,57835.0,A,4,2023,-16370.0,41910.0,760.0,9585.0,17947.5,65872.5,1.6614501825769432,Normal,Construction [23],67.59,67.24,0.3500000000000085,1.0,Above,Above
292,2094,Canada,Manufacturing [31-33],Job vacancies,Number,2023-10-01,43260.0,A,4,2023,-29125.0,44780.0,0.0,6755.0,27892.5,61667.5,-0.2250185048112509,Normal,Manufacturing [31-33],64.87,69.61999999999999,-4.749999999999986,6.0,Above,Above
293,2106,Canada,Information and cultural industries [51],Job vacancies,Number,2023-10-01,7095.0,B,4,2023,-7120.0,11905.0,0.0,2895.0,4667.5,19142.5,-1.6614853195164077,Normal,Information and cultural industries [51],62.47999999999999,71.53999999999999,-9.060000000000002,8.0,Below,Above
294,2109,Canada,Finance and insurance [52],Job vacancies,Number,2023-10-01,21575.0,A,4,2023,-15545.0,22365.0,1550.0,3170.0,14440.0,30290.0,-0.2492113564668769,Normal,Finance and insurance [52],60.1,65.32,-5.219999999999992,7.0,Below,Below
295,2112,Canada,Real estate and rental and leasing [53],Job vacancies,Number,2023-10-01,8220.0,B,4,2023,-2930.0,8220.0,-95.0,775.0,6282.5,10157.5,0.0,Normal,Real estate and rental and leasing [53],44.05,64.25999999999999,-20.209999999999994,10.0,Below,Below
296,2115,Canada,"Professional, scientific and technical services [54]",Job vacancies,Number,2023-10-01,41640.0,A,4,2023,-16550.0,37765.0,0.0,3875.0,28077.5,47452.5,1.0,Normal,"Professional, scientific and technical services [54]",62.18,65.05,-2.8699999999999974,3.0,Below,Below
297,2121,Canada,"Administrative and support, waste management and remediation services [56]",Job vacancies,Number,2023-10-01,36270.0,A,4,2023,-11855.0,36270.0,0.0,7155.0,18382.5,54157.5,0.0,Normal,"Administrative and support, waste management and remediation services [56]",69.37,60.26,9.110000000000008,9.0,Above,Below
298,2127,Canada,Health care and social assistance [62],Job vacancies,Number,2023-10-01,136825.0,A,4,2023,-10150.0,105640.0,9585.0,37205.0,12627.5,198652.5,0.8381937911571026,Normal,Health care and social assistance [62],65.35,68.88,-3.530000000000001,4.0,Above,Above
299,2130,Canada,"Arts, entertainment and recreation [71]",Job vacancies,Number,2023-10-01,12575.0,A,4,2023,-4430.0,12305.0,-540.0,3960.0,2405.0,22205.0,0.0681818181818181,Normal,"Arts, entertainment and recreation [71]",61.89,66.41,-4.519999999999996,5.0,Below,Below
300,2148,Canada,"Mining, quarrying, and oil and gas extraction [21]",Job vacancies,Number,2024-01-01,5925.0,A,1,2024,-2515.0,5210.0,-97.5,812.5,3178.75,7241.25,0.88,Normal,"Mining, quarrying, and oil and gas extraction [21]",67.83,66.72,1.1099999999999994,2.0,Above,Above
301,2154,Canada,Construction [23],Job vacancies,Number,2024-01-01,51965.0,A,1,2024,-17460.0,40480.0,2232.5,10570.0,14055.0,66905.0,1.086565752128666,Normal,Construction [23],67.59,67.24,0.3500000000000085,1.0,Above,Above
302,2157,Canada,Manufacturing [31-33],Job vacancies,Number,2024-01-01,41975.0,A,1,2024,-21395.0,44575.0,3135.0,8442.5,23468.75,65681.25,-0.3079656499851939,Normal,Manufacturing [31-33],64.87,69.61999999999999,-4.749999999999986,6.0,Above,Above
303,2169,Canada,Information and cultural industries [51],Job vacancies,Number,2024-01-01,7320.0,B,1,2024,-5805.0,11975.0,-70.0,2165.0,6562.5,17387.5,-2.1501154734411085,Normal,Information and cultural industries [51],62.47999999999999,71.53999999999999,-9.060000000000002,8.0,Below,Above
304,2172,Canada,Finance and insurance [52],Job vacancies,Number,2024-01-01,22650.0,A,1,2024,-8105.0,23010.0,282.5,2295.0,17272.5,28747.5,-0.1568627450980392,Normal,Finance and insurance [52],60.1,65.32,-5.219999999999992,7.0,Below,Below
305,2175,Canada,Real estate and rental and leasing [53],Job vacancies,Number,2024-01-01,8000.0,B,1,2024,-3020.0,7930.0,-180.0,657.5,6286.25,9573.75,0.1064638783269961,Normal,Real estate and rental and leasing [53],44.05,64.25999999999999,-20.209999999999994,10.0,Below,Below
306,2178,Canada,"Professional, scientific and technical services [54]",Job vacancies,Number,2024-01-01,43695.0,A,1,2024,-7285.0,41197.5,1530.0,7842.5,21591.25,60803.75,0.3184571246413771,Normal,"Professional, scientific and technical services [54]",62.18,65.05,-2.8699999999999974,3.0,Below,Below
307,2184,Canada,"Administrative and support, waste management and remediation services [56]",Job vacancies,Number,2024-01-01,36770.0,B,1,2024,-12140.0,39692.5,-42.5,3720.0,30392.5,48992.5,-0.7856182795698925,Normal,"Administrative and support, waste management and remediation services [56]",69.37,60.26,9.110000000000008,9.0,Above,Below
308,2190,Canada,Health care and social assistance [62],Job vacancies,Number,2024-01-01,135890.0,A,1,2024,-8595.0,86852.5,8937.5,38762.5,-10053.75,183758.75,1.2650757820058045,Normal,Health care and social assistance [62],65.35,68.88,-3.530000000000001,4.0,Above,Above
309,2193,Canada,"Arts, entertainment and recreation [71]",Job vacancies,Number,2024-01-01,11275.0,B,1,2024,-4145.0,11365.0,-515.0,2222.5,5808.75,16921.25,-0.0404949381327334,Normal,"Arts, entertainment and recreation [71]",61.89,66.41,-4.519999999999996,5.0,Below,Below
310,2211,Canada,"Mining, quarrying, and oil and gas extraction [21]",Job vacancies,Number,2024-04-01,5780.0,B,2,2024,-2485.0,5645.0,335.0,1470.0,1970.0,9320.0,0.0918367346938775,Normal,"Mining, quarrying, and oil and gas extraction [21]",67.83,66.72,1.1099999999999994,2.0,Above,Above
311,2217,Canada,Construction [23],Job vacancies,Number,2024-04-01,45795.0,A,2,2024,-17990.0,39160.0,260.0,11885.0,9447.5,68872.5,0.5582667227597813,Normal,Construction [23],67.59,67.24,0.3500000000000085,1.0,Above,Above
312,2220,Canada,Manufacturing [31-33],Job vacancies,Number,2024-04-01,37315.0,A,2,2024,-19155.0,46980.0,1760.0,10580.0,20530.0,73430.0,-0.91351606805293,Normal,Manufacturing [31-33],64.87,69.61999999999999,-4.749999999999986,6.0,Above,Above
313,2232,Canada,Information and cultural industries [51],Job vacancies,Number,2024-04-01,6385.0,A,2,2024,-4780.0,11165.0,0.0,1990.0,6190.0,16140.0,-2.402010050251256,Normal,Information and cultural industries [51],62.47999999999999,71.53999999999999,-9.060000000000002,8.0,Below,Above
314,2235,Canada,Finance and insurance [52],Job vacancies,Number,2024-04-01,18495.0,A,2,2024,-7955.0,21920.0,0.0,2205.0,16407.5,27432.5,-1.5532879818594103,Normal,Finance and insurance [52],60.1,65.32,-5.219999999999992,7.0,Below,Below
315,2238,Canada,Real estate and rental and leasing [53],Job vacancies,Number,2024-04-01,6865.0,B,2,2024,-3975.0,7455.0,180.0,590.0,5980.0,8930.0,-1.0,Normal,Real estate and rental and leasing [53],44.05,64.25999999999999,-20.209999999999994,10.0,Below,Below
316,2241,Canada,"Professional, scientific and technical services [54]",Job vacancies,Number,2024-04-01,38340.0,A,2,2024,-8180.0,38340.0,3025.0,8180.0,17890.0,58790.0,0.0,Normal,"Professional, scientific and technical services [54]",62.18,65.05,-2.8699999999999974,3.0,Below,Below
317,2247,Canada,"Administrative and support, waste management and remediation services [56]",Job vacancies,Number,2024-04-01,29430.0,A,2,2024,-17245.0,40275.0,1965.0,7140.0,22425.0,58125.0,-1.51890756302521,Normal,"Administrative and support, waste management and remediation services [56]",69.37,60.26,9.110000000000008,9.0,Above,Below
318,2253,Canada,Health care and social assistance [62],Job vacancies,Number,2024-04-01,131490.0,A,2,2024,-12140.0,103575.0,5735.0,37005.0,11062.5,196087.5,0.7543575192541548,Normal,Health care and social assistance [62],65.35,68.88,-3.530000000000001,4.0,Above,Above
319,2256,Canada,"Arts, entertainment and recreation [71]",Job vacancies,Number,2024-04-01,9485.0,B,2,2024,-6330.0,12330.0,465.0,2845.0,5217.5,19442.5,-1.0,Normal,"Arts, entertainment and recreation [71]",61.89,66.41,-4.519999999999996,5.0,Below,Below
320,2274,Canada,"Mining, quarrying, and oil and gas extraction [21]",Job vacancies,Number,2024-07-01,5725.0,B,3,2024,-1985.0,5775.0,77.5,1752.5,1393.75,10156.25,-0.028530670470756,Normal,"Mining, quarrying, and oil and gas extraction [21]",67.83,66.72,1.1099999999999994,2.0,Above,Above
321,2280,Canada,Construction [23],Job vacancies,Number,2024-07-01,41205.0,A,3,2024,-19020.0,39200.0,2810.0,12620.0,7650.0,70750.0,0.1588748019017432,Normal,Construction [23],67.59,67.24,0.3500000000000085,1.0,Above,Above
322,2283,Canada,Manufacturing [31-33],Job vacancies,Number,2024-07-01,33240.0,A,3,2024,-16200.0,48187.5,387.5,11970.0,18262.5,78112.5,-1.2487468671679198,Normal,Manufacturing [31-33],64.87,69.61999999999999,-4.749999999999986,6.0,Above,Above
323,2295,Canada,Information and cultural industries [51],Job vacancies,Number,2024-07-01,6870.0,A,3,2024,-850.0,11377.5,762.5,3160.0,3477.5,19277.5,-1.4264240506329111,Normal,Information and cultural industries [51],62.47999999999999,71.53999999999999,-9.060000000000002,8.0,Below,Above
324,2298,Canada,Finance and insurance [52],Job vacancies,Number,2024-07-01,20655.0,A,3,2024,-1310.0,22842.5,-655.0,1255.0,19705.0,25980.0,-1.7430278884462151,Normal,Finance and insurance [52],60.1,65.32,-5.219999999999992,7.0,Below,Below
325,2301,Canada,Real estate and rental and leasing [53],Job vacancies,Number,2024-07-01,7940.0,B,3,2024,-1235.0,8362.5,110.0,617.5,6818.75,9906.25,-0.6842105263157895,Normal,Real estate and rental and leasing [53],44.05,64.25999999999999,-20.209999999999994,10.0,Below,Below
326,2304,Canada,"Professional, scientific and technical services [54]",Job vacancies,Number,2024-07-01,39245.0,A,3,2024,-2670.0,38092.5,660.0,6242.5,22486.25,53698.75,0.184621545855026,Normal,"Professional, scientific and technical services [54]",62.18,65.05,-2.8699999999999974,3.0,Below,Below
327,2310,Canada,"Administrative and support, waste management and remediation services [56]",Job vacancies,Number,2024-07-01,27055.0,A,3,2024,-14045.0,39382.5,1710.0,5192.5,26401.25,52363.75,-2.374097255657198,Normal,"Administrative and support, waste management and remediation services [56]",69.37,60.26,9.110000000000008,9.0,Above,Below
328,2316,Canada,Health care and social assistance [62],Job vacancies,Number,2024-07-01,121805.0,A,3,2024,-20110.0,92145.0,5235.0,37690.0,-2080.0,186370.0,0.7869461395595648,Normal,Health care and social assistance [62],65.35,68.88,-3.530000000000001,4.0,Above,Above
329,2319,Canada,"Arts, entertainment and recreation [71]",Job vacancies,Number,2024-07-01,9260.0,A,3,2024,-3865.0,12320.0,505.0,1975.0,7382.5,17257.5,-1.549367088607595,Normal,"Arts, entertainment and recreation [71]",61.89,66.41,-4.519999999999996,5.0,Below,Below
330,2337,Canada,"Mining, quarrying, and oil and gas extraction [21]",Job vacancies,Number,2024-10-01,5295.0,A,4,2024,-1895.0,5295.0,0.0,1180.0,2345.0,8245.0,0.0,Normal,"Mining, quarrying, and oil and gas extraction [21]",67.83,66.72,1.1099999999999994,2.0,Above,Above
331,2343,Canada,Construction [23],Job vacancies,Number,2024-10-01,41910.0,A,4,2024,-15925.0,41910.0,760.0,9585.0,17947.5,65872.5,0.0,Normal,Construction [23],67.59,67.24,0.3500000000000085,1.0,Above,Above
332,2346,Canada,Manufacturing [31-33],Job vacancies,Number,2024-10-01,35485.0,A,4,2024,-7775.0,44780.0,0.0,6755.0,27892.5,61667.5,-1.376017764618801,Normal,Manufacturing [31-33],64.87,69.61999999999999,-4.749999999999986,6.0,Above,Above
333,2358,Canada,Information and cultural industries [51],Job vacancies,Number,2024-10-01,7370.0,A,4,2024,275.0,11905.0,0.0,2895.0,4667.5,19142.5,-1.5664939550949917,Normal,Information and cultural industries [51],62.47999999999999,71.53999999999999,-9.060000000000002,8.0,Below,Above
334,2361,Canada,Finance and insurance [52],Job vacancies,Number,2024-10-01,19195.0,A,4,2024,-2380.0,22365.0,1550.0,3170.0,14440.0,30290.0,-1.0,Normal,Finance and insurance [52],60.1,65.32,-5.219999999999992,7.0,Below,Below
335,2364,Canada,Real estate and rental and leasing [53],Job vacancies,Number,2024-10-01,7445.0,B,4,2024,-775.0,8220.0,-95.0,775.0,6282.5,10157.5,-1.0,Normal,Real estate and rental and leasing [53],44.05,64.25999999999999,-20.209999999999994,10.0,Below,Below
336,2367,Canada,"Professional, scientific and technical services [54]",Job vacancies,Number,2024-10-01,37765.0,A,4,2024,-3875.0,37765.0,0.0,3875.0,28077.5,47452.5,0.0,Normal,"Professional, scientific and technical services [54]",62.18,65.05,-2.8699999999999974,3.0,Below,Below
337,2373,Canada,"Administrative and support, waste management and remediation services [56]",Job vacancies,Number,2024-10-01,27235.0,B,4,2024,-9035.0,36270.0,0.0,7155.0,18382.5,54157.5,-1.262753319357093,Normal,"Administrative and support, waste management and remediation services [56]",69.37,60.26,9.110000000000008,9.0,Above,Below
338,2379,Canada,Health care and social assistance [62],Job vacancies,Number,2024-10-01,119555.0,A,4,2024,-17270.0,105640.0,9585.0,37205.0,12627.5,198652.5,0.3740088697755678,Normal,Health care and social assistance [62],65.35,68.88,-3.530000000000001,4.0,Above,Above
339,2382,Canada,"Arts, entertainment and recreation [71]",Job vacancies,Number,2024-10-01,8295.0,B,4,2024,-4280.0,12305.0,-540.0,3960.0,2405.0,22205.0,-1.0126262626262623,Normal,"Arts, entertainment and recreation [71]",61.89,66.41,-4.519999999999996,5.0,Below,Below
340,2400,Canada,"Mining, quarrying, and oil and gas extraction [21]",Job vacancies,Number,2025-01-01,5045.0,B,1,2025,-880.0,5210.0,-97.5,812.5,3178.75,7241.25,-0.203076923076923,Normal,"Mining, quarrying, and oil and gas extraction [21]",67.83,66.72,1.1099999999999994,2.0,Above,Above
341,2406,Canada,Construction [23],Job vacancies,Number,2025-01-01,41685.0,A,1,2025,-10280.0,40480.0,2232.5,10570.0,14055.0,66905.0,0.1140018921475875,Normal,Construction [23],67.59,67.24,0.3500000000000085,1.0,Above,Above
342,2409,Canada,Manufacturing [31-33],Job vacancies,Number,2025-01-01,35970.0,A,1,2025,-6005.0,44575.0,3135.0,8442.5,23468.75,65681.25,-1.0192478531240747,Normal,Manufacturing [31-33],64.87,69.61999999999999,-4.749999999999986,6.0,Above,Above
343,2421,Canada,Information and cultural industries [51],Job vacancies,Number,2025-01-01,6550.0,A,1,2025,-770.0,11975.0,-70.0,2165.0,6562.5,17387.5,-2.5057736720554273,Normal,Information and cultural industries [51],62.47999999999999,71.53999999999999,-9.060000000000002,8.0,Below,Above
344,2424,Canada,Finance and insurance [52],Job vacancies,Number,2025-01-01,18835.0,A,1,2025,-3815.0,23010.0,282.5,2295.0,17272.5,28747.5,-1.8191721132897605,Normal,Finance and insurance [52],60.1,65.32,-5.219999999999992,7.0,Below,Below
345,2427,Canada,Real estate and rental and leasing [53],Job vacancies,Number,2025-01-01,7240.0,B,1,2025,-760.0,7930.0,-180.0,657.5,6286.25,9573.75,-1.049429657794677,Normal,Real estate and rental and leasing [53],44.05,64.25999999999999,-20.209999999999994,10.0,Below,Below
346,2430,Canada,"Professional, scientific and technical services [54]",Job vacancies,Number,2025-01-01,37285.0,A,1,2025,-6410.0,41197.5,1530.0,7842.5,21591.25,60803.75,-0.4988842843481033,Normal,"Professional, scientific and technical services [54]",62.18,65.05,-2.8699999999999974,3.0,Below,Below
347,2436,Canada,"Administrative and support, waste management and remediation services [56]",Job vacancies,Number,2025-01-01,27890.0,A,1,2025,-8880.0,39692.5,-42.5,3720.0,30392.5,48992.5,-3.172715053763441,Normal,"Administrative and support, waste management and remediation services [56]",69.37,60.26,9.110000000000008,9.0,Above,Below
348,2442,Canada,Health care and social assistance [62],Job vacancies,Number,2025-01-01,110615.0,A,1,2025,-25275.0,86852.5,8937.5,38762.5,-10053.75,183758.75,0.6130280554659787,Normal,Health care and social assistance [62],65.35,68.88,-3.530000000000001,4.0,Above,Above
349,2445,Canada,"Arts, entertainment and recreation [71]",Job vacancies,Number,2025-01-01,8615.0,A,1,2025,-2660.0,11365.0,-515.0,2222.5,5808.75,16921.25,-1.2373453318335208,Normal,"Arts, entertainment and recreation [71]",61.89,66.41,-4.519999999999996,5.0,Below,Below
350,2463,Canada,"Mining, quarrying, and oil and gas extraction [21]",Job vacancies,Number,2025-04-01,4505.0,B,2,2025,-1275.0,5645.0,335.0,1470.0,1970.0,9320.0,-0.7755102040816326,Normal,"Mining, quarrying, and oil and gas extraction [21]",67.83,66.72,1.1099999999999994,2.0,Above,Above
351,2469,Canada,Construction [23],Job vacancies,Number,2025-04-01,39160.0,A,2,2025,-6635.0,39160.0,260.0,11885.0,9447.5,68872.5,0.0,Normal,Construction [23],67.59,67.24,0.3500000000000085,1.0,Above,Above
352,2472,Canada,Manufacturing [31-33],Job vacancies,Number,2025-04-01,34475.0,A,2,2025,-2840.0,46980.0,1760.0,10580.0,20530.0,73430.0,-1.1819470699432892,Normal,Manufacturing [31-33],64.87,69.61999999999999,-4.749999999999986,6.0,Above,Above
353,2484,Canada,Information and cultural industries [51],Job vacancies,Number,2025-04-01,6305.0,B,2,2025,-80.0,11165.0,0.0,1990.0,6190.0,16140.0,-2.442211055276382,Normal,Information and cultural industries [51],62.47999999999999,71.53999999999999,-9.060000000000002,8.0,Below,Above
354,2487,Canada,Finance and insurance [52],Job vacancies,Number,2025-04-01,19715.0,A,2,2025,1220.0,21920.0,0.0,2205.0,16407.5,27432.5,-1.0,Normal,Finance and insurance [52],60.1,65.32,-5.219999999999992,7.0,Below,Below
355,2490,Canada,Real estate and rental and leasing [53],Job vacancies,Number,2025-04-01,7045.0,B,2,2025,180.0,7455.0,180.0,590.0,5980.0,8930.0,-0.6949152542372882,Normal,Real estate and rental and leasing [53],44.05,64.25999999999999,-20.209999999999994,10.0,Below,Below
356,2493,Canada,"Professional, scientific and technical services [54]",Job vacancies,Number,2025-04-01,36350.0,A,2,2025,-1990.0,38340.0,3025.0,8180.0,17890.0,58790.0,-0.2432762836185819,Normal,"Professional, scientific and technical services [54]",62.18,65.05,-2.8699999999999974,3.0,Below,Below
357,2499,Canada,"Administrative and support, waste management and remediation services [56]",Job vacancies,Number,2025-04-01,28090.0,A,2,2025,-1340.0,40275.0,1965.0,7140.0,22425.0,58125.0,-1.7065826330532212,Normal,"Administrative and support, waste management and remediation services [56]",69.37,60.26,9.110000000000008,9.0,Above,Below
358,2505,Canada,Health care and social assistance [62],Job vacancies,Number,2025-04-01,103575.0,A,2,2025,-27915.0,103575.0,5735.0,37005.0,11062.5,196087.5,0.0,Normal,Health care and social assistance [62],65.35,68.88,-3.530000000000001,4.0,Above,Above
359,2508,Canada,"Arts, entertainment and recreation [71]",Job vacancies,Number,2025-04-01,9170.0,B,2,2025,-315.0,12330.0,465.0,2845.0,5217.5,19442.5,-1.1107205623901582,Normal,"Arts, entertainment and recreation [71]",61.89,66.41,-4.519999999999996,5.0,Below,Below
